time,rss,small,huge,cached,total
0.00,940371968,4036363,7862,123424768,17179336704
0.67,944615424,4035273,7862,123432960,17179336704
2.36,1814683648,3864590,7514,162226176,17179336704
4.12,2405462016,3677501,7149,165355520,17179336704
5.84,2418098176,3735861,7106,168026112,17179336704
7.58,2546036736,3720574,7045,182382592,17179336704
9.31,2730586112,3614719,7012,182444032,17179336704
11.02,2785128448,3768473,6965,183881728,17179336704
12.72,2801913856,3636738,6966,184664064,17179336704
14.44,2885861376,3674708,6974,185454592,17179336704
16.16,2969800704,3633140,6945,186220544,17179336704
17.88,3106119680,3647821,6856,189059072,17179336704
19.60,3105923072,3683945,6879,217198592,17179336704
21.33,3231862784,3616617,6943,219942912,17179336704
23.05,3323904000,3589062,6879,222248960,17179336704
24.78,3466776576,3543863,6782,223678464,17179336704
26.53,3867332608,3394985,6565,224534528,17179336704
28.23,4081332224,3323707,6444,229724160,17179336704
29.96,4347682816,3215487,6264,231051264,17179336704
31.68,4546912256,3170816,6178,231804928,17179336704
33.40,4546920448,3212186,6152,233144320,17179336704
35.15,4720988160,3151906,6092,233373696,17179336704
36.89,4802789376,3167821,6024,235225088,17179336704
38.63,4932898816,3302697,5974,236310528,17179336704
40.35,4932898816,3254821,5958,236716032,17179336704
42.07,4932907008,3135630,5959,237486080,17179336704
43.80,4933042176,3098744,5958,238505984,17179336704
45.57,4949934080,3300910,5962,237547520,17179336704
47.29,4949934080,3323120,6008,237920256,17179336704
49.04,4960419840,3355771,5992,238354432,17179336704
50.75,4966711296,3245517,5994,238964736,17179336704
52.48,4966735872,3443197,5994,244477952,17179336704
54.19,4983648256,3452023,5997,245063680,17179336704
55.92,4983648256,3322840,5993,246022144,17179336704
57.65,4983562240,3321080,5992,247377920,17179336704
59.36,5000290304,3477517,5993,247808000,17179336704
61.08,5012873216,3421594,5984,248918016,17179336704
62.81,5017083904,3467133,5985,250064896,17179336704
64.58,5017092096,3453308,5996,252997632,17179336704
66.29,5017092096,3621293,6457,252678144,17179336704
68.00,5017092096,3508827,6466,263020544,17179336704
69.73,5025431552,3554634,6446,267382784,17179336704
71.45,5037748224,3596046,6445,269668352,17179336704
73.16,5050208256,3389087,6429,270512128,17179336704
74.90,5066915840,3364763,6368,272175104,17179336704
76.61,5368852480,3152530,6091,272855040,17179336704
78.34,5549174784,3014201,5852,273068032,17179336704
80.06,5748203520,3094377,5692,273797120,17179336704
81.78,5781753856,3055104,5654,275161088,17179336704
83.49,5815238656,2946661,5641,276160512,17179336704
85.22,5855084544,2976414,5646,276525056,17179336704
86.94,5930582016,3123024,5656,276545536,17179336704
88.66,5945286656,3078794,5673,277336064,17179336704
90.39,5978845184,3162052,5681,277921792,17179336704
92.10,6014500864,3131264,5688,279076864,17179336704
93.83,6062735360,3338569,5914,279244800,17179336704
95.55,6081609728,3287579,5899,279748608,17179336704
97.27,6104707072,3253507,5888,280825856,17179336704
98.99,6163427328,3345097,5994,280969216,17179336704
100.71,6196981760,3329074,5988,281346048,17179336704
102.44,6196981760,3221867,5988,281702400,17179336704
104.15,6230462464,3158843,5958,284233728,17179336704
105.87,6263939072,3175818,5832,285593600,17179336704
107.58,6263910400,3225615,5825,286511104,17179336704
109.30,6331162624,2957431,5685,286924800,17179336704
111.03,6358425600,3069852,5638,286658560,17179336704
112.74,6482161664,2895374,5605,287072256,17179336704
114.48,6551367680,2853470,5528,288432128,17179336704
116.20,6582824960,2971098,5478,289112064,17179336704
117.92,6649933824,3252098,5484,289951744,17179336704
119.63,6649987072,3055493,5478,290652160,17179336704
121.36,6668861440,3113790,5533,290074624,17179336704
123.08,6683541504,2971574,5584,290156544,17179336704
124.81,6683541504,2952736,5665,290279424,17179336704
126.55,6735970304,3069897,5615,290717696,17179336704
128.27,6767452160,3039517,5619,290717696,17179336704
129.99,6769549312,3005090,5618,291074048,17179336704
131.72,6786326528,3227540,5612,291741696,17179336704
133.44,6786326528,3072589,5602,292057088,17179336704
135.16,6889148416,2828772,5490,292605952,17179336704
136.88,6939480064,2869455,5424,293330944,17179336704
138.61,6956257280,3085818,5442,294051840,17179336704
140.33,6956257280,3000680,5427,294141952,17179336704
142.03,6975131648,2791812,5381,294825984,17179336704
143.75,6975131648,2943317,5391,295075840,17179336704
145.45,6975131648,3358325,5418,294285312,17179336704
147.19,6975131648,3094444,5498,294625280,17179336704
148.91,7010783232,3375241,5553,295571456,17179336704
150.63,7027646464,3181234,5535,296017920,17179336704
152.36,7042326528,2943162,5521,296296448,17179336704
154.08,7042326528,2924885,5537,295960576,17179336704
155.79,7061200896,2938055,5521,296783872,17179336704
157.49,7145086976,2801203,5409,297795584,17179336704
159.22,7145086976,3059119,5364,297865216,17179336704
160.96,7145095168,3184438,5372,298541056,17179336704
162.66,7145095168,3087021,5371,298549248,17179336704
164.38,7145107456,3064364,5373,298500096,17179336704
166.10,7145107456,3046061,5371,298827776,17179336704
167.83,7145123840,2947658,5368,299773952,17179336704
169.55,7145123840,3021374,5590,300277760,17179336704
171.27,7145123840,3055754,5576,300433408,17179336704
172.99,7145123840,3051797,5582,300978176,17179336704
174.70,7145127936,2964644,5584,301301760,17179336704
176.44,7145148416,2960682,5555,301363200,17179336704
178.17,7325659136,2771149,5338,302039040,17179336704
179.88,7325659136,2795897,5331,303116288,17179336704
181.58,7325675520,2895534,5337,303136768,17179336704
183.30,7342477312,3026221,5308,303284224,17179336704
185.03,7342481408,2905602,5305,304103424,17179336704
186.75,7403302912,2876877,5261,304840704,17179336704
188.49,7449501696,2887326,5267,305475584,17179336704
190.20,7459999744,3175144,5286,304427008,17179336704
191.91,7459999744,3005390,5273,305033216,17179336704
193.63,7460028416,3097306,5268,305803264,17179336704
195.35,7460036608,3071213,5632,305549312,17179336704
197.08,7478910976,2882559,5508,305594368,17179336704
198.80,7478915072,3071424,5497,306479104,17179336704
200.51,7478931456,2974570,5496,307191808,17179336704
202.24,7478935552,2985691,5484,306970624,17179336704
203.95,7478980608,3264510,5495,307019776,17179336704
205.67,7478980608,3023898,5484,307658752,17179336704
207.40,7478980608,3143688,5488,308363264,17179336704
209.12,7479058432,3147928,5463,308932608,17179336704
210.84,7479058432,3174737,5655,308531200,17179336704
212.57,7510515712,2945508,5608,308572160,17179336704
214.30,7565041664,2891927,5403,308609024,17179336704
216.01,7565041664,3027107,5394,309141504,17179336704
217.73,7565041664,2894933,5390,309702656,17179336704
219.45,7617474560,3043029,5363,310243328,17179336704
221.18,7617413120,3083704,5370,311001088,17179336704
222.92,7617363968,3127300,5371,310841344,17179336704
224.64,7617298432,3148698,5382,311537664,17179336704
226.38,7617298432,3124006,5434,311848960,17179336704
228.10,7617298432,3048029,5640,312115200,17179336704
229.83,7623589888,2999440,5596,313475072,17179336704
231.56,7634075648,3060340,5589,315064320,17179336704
233.28,7650852864,3067450,5581,315330560,17179336704
235.01,7650852864,3008885,5576,316346368,17179336704
236.73,7650619392,2994617,5577,316481536,17179336704
238.45,7650619392,2913133,5523,316723200,17179336704
240.18,7719825408,2684857,5200,316547072,17179336704
241.90,7860334592,2498296,4852,317026304,17179336704
243.62,7933702144,2559839,4720,318529536,17179336704
245.34,7933681664,2558501,4720,319225856,17179336704
247.05,7998607360,2688986,4731,320438272,17179336704
248.76,8042631168,2708965,4740,321622016,17179336704
250.48,8063590400,2625765,4742,323260416,17179336704
252.20,8084561920,2577714,4742,322306048,17179336704
253.93,8155865088,2708799,4740,324034560,17179336704
255.66,8197808128,2716947,4744,325054464,17179336704
257.38,8197808128,2605565,4731,325693440,17179336704
259.11,8214585344,2714101,4739,326094848,17179336704
260.83,8231362560,2737251,4794,325427200,17179336704
262.53,8248139776,2579412,4782,326348800,17179336704
264.25,8296374272,2462266,4725,326864896,17179336704
265.96,8361390080,2601324,4701,328175616,17179336704
267.68,8514560000,2363222,4590,329650176,17179336704
269.40,8600543232,2315489,4474,330641408,17179336704
271.12,8600543232,2627489,4485,331915264,17179336704
272.84,8600559616,2482035,4471,332967936,17179336704
274.57,8600559616,2417013,4469,334442496,17179336704
276.29,8638308352,2323598,4466,334934016,17179336704
278.01,8652988416,2520760,4454,335286272,17179336704
279.72,8652988416,2539683,4446,336568320,17179336704
281.43,8684285952,2754387,4468,336084992,17179336704
283.17,8686432256,2812404,4470,335257600,17179336704
284.88,8686432256,2912324,4464,335532032,17179336704
286.59,8686460928,2971756,4509,333398016,17179336704
288.33,8686460928,2802119,4517,333582336,17179336704
290.04,8720027648,2915674,4519,334127104,17179336704
291.76,8720027648,2647513,4510,334495744,17179336704
293.49,8720027648,2624768,4504,335912960,17179336704
295.25,8720130048,2506052,4486,336588800,17179336704
296.98,8720130048,2787489,4827,336175104,17179336704
298.71,8720224256,2971987,4842,336904192,17179336704
300.44,8720224256,2761270,4836,337743872,17179336704
302.18,8720224256,2957310,4853,337846272,17179336704
303.89,8732917760,2985025,4862,339214336,17179336704
305.61,8770666496,2966676,4833,340426752,17179336704
307.33,8770695168,3028031,4849,340516864,17179336704
309.05,8770695168,3183286,4871,341184512,17179336704
310.78,8781180928,3141258,4853,341401600,17179336704
312.50,8804249600,3008508,4846,342315008,17179336704
314.22,8804249600,2999761,5465,341819392,17179336704
315.94,8804249600,2968036,5429,341864448,17179336704
317.66,8804249600,2843238,5380,343011328,17179336704
319.39,8804249600,2984494,5386,343318528,17179336704
321.11,8804249600,2911158,5380,345014272,17179336704
322.83,8804249600,2946532,5380,345522176,17179336704
324.54,8804249600,3097556,5375,345387008,17179336704
326.26,8804249600,2942931,5372,346148864,17179336704
327.97,8804249600,2890934,5351,346587136,17179336704
329.69,8804249600,2916901,5350,348139520,17179336704
331.42,8808443904,3046383,5341,348839936,17179336704
333.13,8821043200,3063558,5345,348086272,17179336704
334.85,8825237504,3181107,5405,347295744,17179336704
336.59,8837820416,2961189,5392,347312128,17179336704
338.31,8842014720,2784393,5239,347353088,17179336704
340.03,8888287232,2671965,5134,347574272,17179336704
341.74,8905064448,2720795,5021,348643328,17179336704
343.46,8905064448,2918300,5024,349335552,17179336704
345.17,8905084928,2887563,5007,349319168,17179336704
346.90,8905084928,3122316,5056,349892608,17179336704
348.62,8905084928,3375679,5059,350216192,17179336704
350.35,8905084928,3254483,5624,350273536,17179336704
352.07,8905084928,3148240,5668,350560256,17179336704
353.80,8905084928,3053204,5654,350957568,17179336704
355.53,8905084928,3014357,5560,351764480,17179336704
357.24,8905084928,3015940,5515,351838208,17179336704
358.96,8905084928,3141992,5515,352739328,17179336704
360.68,8905084928,3123544,5534,353505280,17179336704
362.41,8905084928,2972145,5515,353398784,17179336704
364.14,8905084928,2851386,5361,353673216,17179336704
365.86,8905084928,2947810,5349,354508800,17179336704
367.58,8905084928,2846233,5344,354869248,17179336704
369.28,8938639360,2762760,5243,355450880,17179336704
371.00,8970133504,2724741,5234,356929536,17179336704
372.71,8989007872,2739365,5091,358088704,17179336704
374.43,8989007872,2754260,5070,358408192,17179336704
376.15,8989007872,2984973,5065,358412288,17179336704
377.86,8989052928,3108027,5129,358674432,17179336704
379.59,8989052928,3005816,5186,359022592,17179336704
381.31,8989052928,2766686,5179,359129088,17179336704
383.03,8989122560,2667515,5116,359878656,17179336704
384.76,8989122560,2780832,5083,360067072,17179336704
386.48,8989122560,2719867,5071,361639936,17179336704
388.21,8989122560,2735715,5074,362274816,17179336704
389.93,8989122560,2885379,5084,362733568,17179336704
391.65,8989122560,2696625,5075,363966464,17179336704
393.38,8989122560,2876381,5093,363433984,17179336704
395.10,8989122560,3108863,5100,364081152,17179336704
396.82,8989130752,2932735,5096,364863488,17179336704
398.54,8989130752,2890602,5093,365088768,17179336704
400.25,8989130752,3199940,5402,364101632,17179336704
401.99,8989130752,2896438,5385,364810240,17179336704
403.70,8989138944,3022834,5419,365461504,17179336704
405.42,8989138944,2780621,5299,366063616,17179336704
407.14,8989147136,2934863,5289,366030848,17179336704
408.87,8989147136,3055375,5311,366485504,17179336704
410.59,8989147136,2818894,5292,367443968,17179336704
412.30,8989147136,2988926,5295,367472640,17179336704
414.04,8989147136,2842269,5283,367964160,17179336704
415.75,8989233152,2953117,5252,367861760,17179336704
417.46,8989233152,2950585,5244,368062464,17179336704
419.17,8989233152,2800282,5237,368713728,17179336704
420.89,8989233152,2807812,5244,369639424,17179336704
422.61,8989233152,2808211,5255,369864704,17179336704
424.34,8989233152,2714449,5239,370208768,17179336704
426.05,8989233152,3074604,5230,370536448,17179336704
427.77,8989233152,2949206,5210,370765824,17179336704
429.52,8989229056,2943762,5209,371134464,17179336704
431.24,8989200384,3193865,5214,371326976,17179336704
432.94,8989200384,2965568,5208,371761152,17179336704
434.65,8989200384,2923797,5213,372330496,17179336704
436.38,8989200384,2865228,5207,372781056,17179336704
438.10,8989200384,2726696,5179,373985280,17179336704
439.83,8989200384,2947330,5175,374677504,17179336704
441.55,8989200384,2704231,5167,375681024,17179336704
443.27,8989200384,2901600,5166,375029760,17179336704
445.01,8989200384,2903965,5162,375422976,17179336704
446.71,8989200384,3211516,5186,376774656,17179336704
448.44,8989200384,3003296,5166,376901632,17179336704
450.16,8989200384,3059159,5177,376811520,17179336704
451.86,8989200384,2939756,5172,377643008,17179336704
453.59,8989184000,2894753,5174,378773504,17179336704
455.33,8989167616,3047505,5174,379187200,17179336704
457.05,8989122560,2961469,5168,378998784,17179336704
458.77,8989085696,2824830,5155,379297792,17179336704
460.51,8988987392,2872835,5233,379228160,17179336704
462.23,8988958720,2746857,5166,379723776,17179336704
463.95,8988925952,2729835,5157,380887040,17179336704
465.66,9005682688,2792102,5125,381554688,17179336704
467.38,9005682688,2774872,5116,382066688,17179336704
469.11,9005682688,2653779,5103,383029248,17179336704
470.83,9106395136,2655704,4987,384217088,17179336704
472.56,9106395136,2799452,5003,384212992,17179336704
474.30,9106395136,2718119,4997,384880640,17179336704
476.03,9106395136,2693131,4997,386576384,17179336704
477.75,9106395136,2740190,4988,387616768,17179336704
479.45,9238560768,2579018,4973,387747840,17179336704
481.19,9272115200,2530900,4823,387207168,17179336704
482.91,9423110144,2368017,4595,388222976,17179336704
484.65,9674768384,2439107,4404,389218304,17179336704
486.37,9691545600,2247668,4361,390103040,17179336704
488.09,9767043072,2214507,4184,391692288,17179336704
489.81,9863512064,2199752,4110,393420800,17179336704
491.54,9918038016,2579862,4131,395804672,17179336704
493.25,9947402240,2630070,4134,390664192,17179336704
494.97,10043871232,2870257,4118,391159808,17179336704
496.69,10043871232,2791565,4137,392146944,17179336704
498.40,10043871232,3028281,4150,391413760,17179336704
500.11,10043871232,3064979,4149,391979008,17179336704
501.82,10045968384,2891912,4150,392720384,17179336704
503.53,10058551296,2923424,4145,393764864,17179336704
505.26,10058551296,2855997,4145,394285056,17179336704
506.99,10058551296,2669010,4138,395141120,17179336704
508.82,10058551296,2682040,4141,396066816,17179336704
510.53,10092105728,2710013,4173,397537280,17179336704
512.26,10092105728,2950103,4201,396693504,17179336704
513.97,10108878848,3057263,4205,397025280,17179336704
515.69,10125656064,3117962,4229,397373440,17179336704
517.41,10125656064,3066888,4219,397524992,17179336704
519.14,10125656064,2931518,4207,398282752,17179336704
520.85,10125656064,2923432,4199,398635008,17179336704
522.58,10125656064,2916486,4204,400150528,17179336704
524.30,10125656064,2888003,4194,400846848,17179336704
526.02,10125656064,3121641,4202,400695296,17179336704
527.74,10125656064,3010153,4210,401252352,17179336704
529.46,10125656064,2780528,4192,401747968,17179336704
531.18,10167599104,2924029,4213,402599936,17179336704
532.90,10175954944,3272357,5226,400236544,17179336704
534.62,10176114688,3070579,5226,400269312,17179336704
536.35,10176114688,2894165,5221,400494592,17179336704
538.07,10175983616,2977371,5229,401035264,17179336704
539.79,10175983616,2976702,5214,402419712,17179336704
541.50,10175942656,3113338,5246,402624512,17179336704
543.22,10175885312,3041895,5236,403034112,17179336704
544.94,10175885312,2875085,5222,403959808,17179336704
546.66,10175885312,3002574,5235,403726336,17179336704
548.37,10175885312,2979635,5274,403255296,17179336704
550.10,10175885312,3047618,5339,404172800,17179336704
551.81,10175885312,2899111,5337,405397504,17179336704
553.53,10175885312,3373146,5377,406011904,17179336704
555.25,10175885312,3182450,5362,405929984,17179336704
556.97,10175885312,3167323,5459,406155264,17179336704
558.69,10175885312,3288263,5634,406241280,17179336704
560.42,10175885312,3069851,5618,406790144,17179336704
562.13,10175885312,3217621,5584,407179264,17179336704
563.86,10175885312,3029213,5557,407879680,17179336704
565.58,10175885312,2878436,5314,408571904,17179336704
567.29,10175930368,2837947,5304,408313856,17179336704
568.99,10175930368,2841145,5325,408584192,17179336704
570.73,10175930368,2769957,5217,409169920,17179336704
572.46,10175938560,2694373,5075,410345472,17179336704
574.17,10175938560,2508863,4832,410644480,17179336704
575.89,10175938560,2530185,4869,411062272,17179336704
577.61,10175938560,2650016,4800,412639232,17179336704
579.33,10176032768,2946271,4816,413261824,17179336704
581.05,10176032768,3073448,4806,414150656,17179336704
582.77,10176032768,3062550,4804,414752768,17179336704
584.49,10176032768,3417829,4847,415092736,17179336704
586.21,10175983616,3433665,4836,415555584,17179336704
587.95,10175983616,3304051,4838,416325632,17179336704
589.68,10175983616,3262833,4838,417583104,17179336704
591.41,10175983616,3318729,5865,416083968,17179336704
593.11,10175983616,3322653,5877,416591872,17179336704
594.84,10175983616,3450897,5885,417177600,17179336704
596.57,10175983616,3549962,5884,417742848,17179336704
598.30,10176008192,3517157,5884,418000896,17179336704
600.02,10176008192,3384979,5866,419024896,17179336704
601.73,10176008192,3432377,5856,419852288,17179336704
603.45,10176212992,3294271,5872,419389440,17179336704
605.17,10176212992,3426640,5830,420122624,17179336704
606.87,10176200704,3238334,5798,420818944,17179336704
608.60,10176147456,3411155,5803,421666816,17179336704
610.32,10176155648,3262278,5795,421953536,17179336704
612.04,10176155648,3252423,5797,421769216,17179336704
613.77,10176155648,3265311,5721,423428096,17179336704
615.50,10176155648,3312052,5728,425234432,17179336704
617.22,10176110592,3171930,5717,426311680,17179336704
618.94,10176016384,3112564,5677,427626496,17179336704
620.66,10175946752,3176612,5673,427577344,17179336704
622.36,10175922176,3086182,5660,428957696,17179336704
624.08,10175807488,3083756,5564,430546944,17179336704
625.80,10175717376,3198835,5564,428986368,17179336704
627.52,10175700992,3289433,5560,429117440,17179336704
629.24,10175700992,3300929,5570,429109248,17179336704
630.97,10175700992,3309802,5566,429944832,17179336704
632.69,10175451136,3418521,5575,431173632,17179336704
634.41,10175451136,3276632,5562,431534080,17179336704
636.13,10175451136,3268624,5584,431853568,17179336704
637.85,10175451136,3385220,5585,432836608,17179336704
639.59,10175451136,3287566,5589,434212864,17179336704
641.32,10175463424,3501408,5781,433823744,17179336704
643.04,10175463424,3464185,5839,434302976,17179336704
644.76,10175463424,3240055,5784,434491392,17179336704
646.48,10175463424,3094431,5584,434835456,17179336704
648.22,10175524864,3222819,5563,437600256,17179336704
649.94,10175524864,3348412,5587,437817344,17179336704
651.68,10175516672,3249763,5584,438816768,17179336704
653.40,10175516672,3386304,5612,439324672,17179336704
655.12,10175516672,3315545,5612,439103488,17179336704
656.85,10175516672,3505697,5781,439521280,17179336704
658.59,10175516672,3564764,5789,439959552,17179336704
660.32,10175520768,3488034,5957,440201216,17179336704
662.04,10175479808,3547448,5953,440647680,17179336704
663.76,10175315968,3566730,5944,441122816,17179336704
665.49,10175315968,3542931,5944,441798656,17179336704
667.23,10175315968,3546761,5934,442028032,17179336704
668.95,10175307776,3437783,5890,442470400,17179336704
670.67,10175307776,3395884,5838,443297792,17179336704
672.39,10175356928,3230894,5726,443654144,17179336704
674.12,10175356928,3356715,5708,444379136,17179336704
675.85,10175356928,3113253,5634,444674048,17179336704
677.57,10175361024,3095796,5581,445513728,17179336704
679.31,10175361024,3241068,5574,446238720,17179336704
681.03,10175361024,3366460,5583,445984768,17179336704
682.73,10175361024,3243501,5636,446128128,17179336704
684.45,10175361024,3143848,5614,446611456,17179336704
686.17,10175361024,3138348,5620,447152128,17179336704
687.89,10175361024,3104039,5628,448258048,17179336704
689.61,10175397888,3080646,5584,448155648,17179336704
691.34,10175397888,3025159,5510,448036864,17179336704
693.06,10175393792,3068213,5508,448483328,17179336704
694.79,10175422464,3023054,5506,449122304,17179336704
696.51,10175422464,2947586,5429,450408448,17179336704
698.23,10175422464,3016190,5374,450596864,17179336704
699.94,10175496192,2977700,5396,450600960,17179336704
701.65,10175496192,2950375,5387,451231744,17179336704
703.37,10175496192,2925285,5275,450891776,17179336704
705.10,10175496192,2989881,5282,451571712,17179336704
706.83,10175496192,2905446,5268,452087808,17179336704
708.54,10175496192,2781938,5263,453369856,17179336704
710.27,10175578112,2976631,5188,453640192,17179336704
711.99,10175578112,3335705,5211,453484544,17179336704
713.73,10175578112,3279456,5201,454406144,17179336704
715.44,10175578112,3166494,5199,454598656,17179336704
717.16,10175578112,3271176,5746,457822208,17179336704
718.88,10175578112,3303248,5659,469995520,17179336704
720.61,10175578112,3186017,5686,472588288,17179336704
722.34,10175578112,2950879,5503,492666880,17179336704
724.04,10706198528,2212019,4230,493359104,17179336704
725.75,11165474816,1993813,3832,493735936,17179336704
727.47,11465404416,1857191,3566,494260224,17179336704
729.20,11484278784,1883905,3532,493350912,17179336704
730.92,11954044928,1827817,3073,506359808,17179336704
732.65,12308463616,2135921,2916,510799872,17179336704
734.36,12457361408,2007754,2767,510885888,17179336704
736.09,12486721536,1795143,2702,511016960,17179336704
737.80,12656590848,1764917,2648,511066112,17179336704
739.51,12709019648,1685114,2725,511123456,17179336704
741.23,12709019648,1709151,2741,515346432,17179336704
742.95,12723699712,1490608,2629,524517376,17179336704
744.67,12723699712,2125731,2704,532963328,17179336704
746.38,12807585792,2060574,2695,532471808,17179336704
748.11,12807585792,2305576,2671,582262784,17179336704
749.82,12807585792,2172762,2634,582893568,17179336704
751.55,12807585792,2076790,2613,583262208,17179336704
753.27,12807585792,2281912,2705,583524352,17179336704
755.00,12807598080,2198043,2679,583995392,17179336704
756.73,12971175936,1979523,2498,584294400,17179336704
758.44,13076033536,2033168,2513,586137600,17179336704
760.15,13076033536,2588446,2861,586493952,17179336704
761.86,13076033536,2423491,3063,587759616,17179336704
763.60,13076033536,2469912,3482,666193920,17179336704
765.32,13076033536,2285540,3395,666583040,17179336704
767.04,13076168704,2631136,3924,666652672,17179336704
768.75,13076168704,2346695,3847,666857472,17179336704
770.47,13076168704,2374000,4145,666988544,17179336704
772.18,13076168704,2055252,3824,666980352,17179336704
773.91,13076168704,2110241,3792,667066368,17179336704
775.64,13095043072,1900380,3639,667176960,17179336704
777.35,13097140224,1848617,3339,667512832,17179336704
779.06,13099237376,1894804,3308,668884992,17179336704
780.75,13103431680,2058809,3169,670404608,17179336704
782.48,13107625984,2190355,3115,670384128,17179336704
784.21,13111820288,2476167,3214,670339072,17179336704
785.93,13111820288,2445992,3312,670760960,17179336704
787.66,13128609792,2175094,3333,671117312,17179336704
789.38,13128609792,2135481,3486,671436800,17179336704
791.10,13227175936,2562253,3594,673202176,17179336704
792.87,13227175936,2292830,3487,673656832,17179336704
794.60,13227175936,2253238,3543,674656256,17179336704
796.31,13227175936,2412537,3631,675176448,17179336704
798.05,13227175936,2678568,3650,676040704,17179336704
799.78,13227175936,2478101,3599,677675008,17179336704
801.50,13227175936,2456213,3558,679596032,17179336704
803.21,13227175936,2546338,3689,681988096,17179336704
804.94,13227212800,2537946,3762,689811456,17179336704
806.67,13241892864,2848509,3884,703508480,17179336704
808.39,13294321664,2864016,4205,704618496,17179336704
810.13,13294321664,2483188,4171,702361600,17179336704
811.87,13294321664,2646820,4241,703033344,17179336704
813.59,13294321664,2531698,4191,705736704,17179336704
815.32,13294321664,2582582,4199,705925120,17179336704
817.03,13294321664,2799622,4056,707133440,17179336704
818.75,13294325760,2739334,3939,711802880,17179336704
820.47,13294325760,2724266,4149,707821568,17179336704
822.19,13294325760,2486479,4127,708206592,17179336704
823.91,13294325760,2350536,4156,708362240,17179336704
825.62,13294325760,2500036,4153,708456448,17179336704
827.34,13294305280,2377588,4045,708681728,17179336704
829.05,13294272512,2248980,4065,709185536,17179336704
830.77,13294202880,2315697,3936,710344704,17179336704
832.50,13327753216,2408790,3924,711254016,17179336704
834.21,13327753216,2752062,3963,710664192,17179336704
835.93,13327753216,2490646,3976,710705152,17179336704
837.65,13327650816,2518655,4066,711020544,17179336704
839.37,13327650816,2481323,4097,711245824,17179336704
841.09,13327654912,2566072,4118,711168000,17179336704
842.82,13327654912,2397032,4087,711495680,17179336704
844.54,13327654912,2251577,4081,712265728,17179336704
846.26,13327654912,2114826,3881,712687616,17179336704
847.98,13327654912,2202939,3837,714412032,17179336704
849.70,13327654912,2269743,3853,714993664,17179336704
851.43,13327654912,2259576,3850,715591680,17179336704
853.19,13327511552,2516241,3797,716066816,17179336704
854.95,13361065984,2569733,3834,716013568,17179336704
856.66,13361065984,2738049,4087,717959168,17179336704
858.37,13428174848,2523232,4026,718016512,17179336704
860.09,13428174848,2425243,4035,718409728,17179336704
861.80,13461729280,2320096,4006,719081472,17179336704
863.52,13461729280,2520407,4193,719196160,17179336704
865.24,13461729280,2627191,4376,719183872,17179336704
866.97,13461729280,2481386,4299,719687680,17179336704
868.69,13461729280,2363728,4233,719933440,17179336704
870.42,13461729280,2283805,4252,720109568,17179336704
872.14,13461729280,2311952,4096,720289792,17179336704
873.85,13461729280,2628356,4199,720351232,17179336704
875.58,13461729280,2381537,4188,720449536,17179336704
877.31,13495283712,2154142,4086,721174528,17179336704
879.04,13495255040,2440960,4121,721653760,17179336704
880.77,13495255040,2501464,4091,722325504,17179336704
882.51,13495144448,2711770,4094,722812928,17179336704
884.23,13495144448,2868636,4141,722128896,17179336704
885.96,13495144448,2636767,4133,722296832,17179336704
887.66,13495144448,2517205,4135,722731008,17179336704
889.39,13495144448,2785656,4403,722538496,17179336704
891.12,13495144448,2602290,4211,723173376,17179336704
892.84,13562253312,2802834,4183,723963904,17179336704
894.56,13562253312,2888901,4259,724623360,17179336704
896.30,13562253312,2567317,4172,724623360,17179336704
898.03,13562253312,2310793,4054,724746240,17179336704
899.75,13562183680,2318289,4055,725028864,17179336704
901.48,13562183680,2208070,4025,725471232,17179336704
903.20,13562183680,1997935,3746,726024192,17179336704
904.93,13562187776,2201987,3673,726736896,17179336704
906.70,13595742208,2306120,3745,726458368,17179336704
908.43,13595742208,2090914,3713,726777856,17179336704
910.16,13595742208,2434159,3752,726974464,17179336704
911.87,13595742208,2195708,3717,727859200,17179336704
913.59,13629378560,2245871,3703,728752128,17179336704
915.32,13629378560,2022407,3706,729112576,17179336704
917.05,13629378560,2002076,3771,730042368,17179336704
918.78,13629378560,2202398,3652,731701248,17179336704
920.50,13662932992,2662567,3717,731234304,17179336704
922.23,13662932992,2524900,3666,731377664,17179336704
923.95,13662932992,2681628,3704,730537984,17179336704
925.69,13662932992,2750058,3934,730697728,17179336704
927.40,13662932992,2701411,4618,730947584,17179336704
929.11,13662932992,2785628,4652,731418624,17179336704
930.82,13662760960,2611113,4597,731926528,17179336704
932.54,13662765056,2379382,4308,732725248,17179336704
934.26,13662871552,2382999,4194,733466624,17179336704
936.02,13662871552,2392384,4182,736514048,17179336704
937.75,13662871552,2491060,4176,736116736,17179336704
939.47,13662871552,2348005,4139,736428032,17179336704
941.19,13662896128,2318213,4105,751980544,17179336704
942.92,13662896128,2241312,4088,744218624,17179336704
944.64,13662896128,2219857,4003,744783872,17179336704
946.35,13662973952,2024812,3870,745705472,17179336704
948.09,13662973952,2443112,3838,747442176,17179336704
949.81,13662973952,2361975,3786,763674624,17179336704
951.54,13662973952,2463297,3833,750977024,17179336704
953.27,13662973952,2149521,3760,751132672,17179336704
954.99,13662973952,1949841,3742,751599616,17179336704
956.69,13662973952,2274854,3745,752451584,17179336704
958.39,13662973952,2154736,3828,752652288,17179336704
960.12,13662982144,2103987,3805,753287168,17179336704
961.84,13662982144,2043441,3760,754745344,17179336704
963.57,13663019008,2294316,3682,754171904,17179336704
965.30,13663019008,2679593,3664,754192384,17179336704
967.02,13663019008,2527791,3615,756428800,17179336704
968.74,13663019008,2396402,3617,756699136,17179336704
970.47,13663019008,2217404,3732,757170176,17179336704
972.18,13663019008,2068960,3807,757354496,17179336704
973.91,13663019008,1980596,3599,757817344,17179336704
975.64,13663019008,1909112,3559,758616064,17179336704
977.34,13663019008,2372165,3472,759513088,17179336704
979.06,13663195136,2397651,3387,761016320,17179336704
980.78,13663195136,2352942,3424,761376768,17179336704
982.51,13663195136,2127331,3422,762200064,17179336704
984.23,13663195136,2223071,3522,762478592,17179336704
985.95,13663195136,2341003,3576,762568704,17179336704
987.66,13663195136,2669251,3596,764088320,17179336704
989.37,13663195136,2937067,3962,761602048,17179336704
991.10,13663219712,2934935,3956,761962496,17179336704
992.82,13663219712,2724088,3947,762404864,17179336704
994.54,13663219712,2779234,3989,764162048,17179336704
996.27,13663219712,2704423,4001,764788736,17179336704
998.00,13663367168,2721080,4018,767082496,17179336704
999.73,13663367168,2972871,3945,770818048,17179336704
1001.46,13663367168,2709968,3937,770990080,17179336704
1003.17,13663367168,2494913,3937,771289088,17179336704
1004.90,13663367168,2319442,3925,771534848,17179336704
1006.61,13663367168,2586179,4045,770699264,17179336704
1008.33,13663367168,2839526,4038,770973696,17179336704
1010.05,13663367168,2903970,4074,771506176,17179336704
1011.77,13663367168,2746693,4127,771559424,17179336704
1013.49,13663367168,2761596,4245,771719168,17179336704
1015.21,13663367168,2877143,4300,780492800,17179336704
1016.94,13663318016,3066651,4202,784232448,17179336704
1018.66,13663293440,2806411,4182,784433152,17179336704
1020.38,13663219712,2571151,4159,784572416,17179336704
1022.11,13663211520,2372160,4106,785031168,17179336704
1023.82,13663170560,2379314,4079,785649664,17179336704
1025.54,13663129600,2358573,4059,786382848,17179336704
1027.26,13663129600,2821782,4056,787517440,17179336704
1028.96,13663129600,2732046,4034,787951616,17179336704
1030.69,13663129600,2625226,4037,788082688,17179336704
1032.39,13663129600,2412716,4011,788197376,17179336704
1034.14,13663129600,2615330,4006,788955136,17179336704
1035.88,13663117312,2465584,3965,789213184,17179336704
1037.59,13663096832,2556214,3973,789483520,17179336704
1039.31,13662920704,2315458,3957,789929984,17179336704
1041.04,13662924800,2463561,3966,790446080,17179336704
1042.76,13662863360,2689214,4083,793288704,17179336704
1044.48,13662863360,2589146,4348,788832256,17179336704
1046.19,13662863360,2480401,4341,789872640,17179336704
1047.92,13662863360,2307336,4295,791625728,17179336704
1049.64,13662920704,2726110,4302,792842240,17179336704
1051.36,13662920704,2916058,4285,794251264,17179336704
1053.09,13662920704,2887299,4299,794292224,17179336704
1054.81,13662920704,2835279,4437,794378240,17179336704
1056.54,13662920704,2873617,4871,794632192,17179336704
1058.26,13662920704,2606898,4695,794697728,17179336704
1059.99,13662920704,2669790,4633,795258880,17179336704
1061.73,13662920704,2734954,4668,795697152,17179336704
1063.44,13662920704,2742641,4669,796250112,17179336704
1065.16,13662920704,2847305,4686,796835840,17179336704
1066.89,13663039488,3249063,4691,798142464,17179336704
1068.61,13663039488,3353538,5121,798224384,17179336704
1070.33,13663039488,2990129,5058,798347264,17179336704
1072.12,13663039488,3067981,5144,799059968,17179336704
1073.84,13663039488,2883647,5092,799469568,17179336704
1075.55,13663039488,2924667,5085,799772672,17179336704
1077.27,13662998528,3221999,5042,803135488,17179336704
1078.98,13662957568,3072231,5038,803385344,17179336704
1080.71,13662867456,2889365,5042,804093952,17179336704
1082.43,13662851072,2577517,4748,804519936,17179336704
1084.13,13662806016,2638309,4756,804106240,17179336704
1085.85,13662699520,3252201,4786,804540416,17179336704
1087.56,13662662656,3124637,4803,805896192,17179336704
1089.30,13662502912,3388506,4889,812281856,17179336704
1091.01,13662502912,3498903,5242,822980608,17179336704
1092.72,13662507008,3090312,5150,823033856,17179336704
1094.47,13662507008,2847487,4981,823214080,17179336704
1096.20,13662531584,2640796,4754,823521280,17179336704
1097.92,13662531584,2452696,4541,823373824,17179336704
1099.62,13662531584,2535749,4397,823812096,17179336704
1101.34,13662531584,2656408,4408,824033280,17179336704
1103.05,13662625792,2638236,4400,824356864,17179336704
1104.76,13662625792,2744334,4409,824639488,17179336704
1106.47,13662625792,2594702,4420,825020416,17179336704
1108.19,13662691328,2333403,4296,825278464,17179336704
1109.91,13662691328,2646257,4231,825942016,17179336704
1111.62,13662691328,2610304,4229,826343424,17179336704
1113.35,13662691328,2801040,4202,826707968,17179336704
1115.08,13662691328,2733679,4211,827289600,17179336704
1116.79,13662691328,2591861,4265,827703296,17179336704
1118.50,13662691328,2654669,4491,827932672,17179336704
1120.23,13662781440,2566944,4490,828096512,17179336704
1121.94,13662781440,2546645,4512,828329984,17179336704
1123.66,13662781440,2893097,4580,829116416,17179336704
1125.42,13662781440,3111446,4587,829390848,17179336704
1127.14,13662781440,3035615,4590,829763584,17179336704
1128.86,13662781440,2893265,4566,832237568,17179336704
1130.58,13662781440,3238596,4776,831905792,17179336704
1132.30,13662781440,3082230,5088,831258624,17179336704
1134.01,13663006720,2787730,5000,831660032,17179336704
1135.71,13663006720,3020656,4990,831971328,17179336704
1137.44,13663006720,3058966,4956,832651264,17179336704
1139.15,13663043584,3000463,4923,833253376,17179336704
1140.85,13663068160,3102566,4975,833490944,17179336704
1142.59,13663068160,2915276,5019,833605632,17179336704
1144.29,13663068160,2862934,4931,833957888,17179336704
1146.03,13663068160,2821739,4863,834015232,17179336704
1147.75,13663068160,2642299,4705,834265088,17179336704
1149.50,13663068160,2548003,4678,835112960,17179336704
1151.23,13663068160,2950457,4787,835481600,17179336704
1152.94,13663068160,2916744,4825,839491584,17179336704
1154.65,13663166464,2851434,4862,843825152,17179336704
1156.37,13663166464,2887622,4742,847060992,17179336704
1158.11,13663166464,2733873,4638,847704064,17179336704
1159.81,13663199232,2436526,4558,848285696,17179336704
1161.52,13663199232,2224937,4203,848441344,17179336704
1163.25,13663199232,2109486,4024,848617472,17179336704
1164.97,13663199232,2262115,3970,848515072,17179336704
1166.69,13663199232,2597786,3917,850444288,17179336704
1168.42,13663199232,2412121,3849,852348928,17179336704
1170.16,13663199232,2012476,3807,851660800,17179336704
1171.88,13663199232,2124124,3913,861679616,17179336704
1173.59,13663199232,2542491,3896,862150656,17179336704
1175.31,13663199232,2302836,3848,862162944,17179336704
1177.04,13663199232,2084741,3850,862191616,17179336704
1178.76,13659529216,2141210,3656,896000000,17179336704
1180.48,13659529216,2443069,3624,896860160,17179336704
1182.21,13659549696,2384387,3640,897310720,17179336704
1183.95,13659549696,2468642,3586,898416640,17179336704
1185.66,13659549696,2637290,3595,898203648,17179336704
1187.38,13659787264,2404179,3575,898818048,17179336704
1189.12,13659787264,2401492,3594,899092480,17179336704
1190.83,13659787264,2196045,3635,899526656,17179336704
1192.54,13659787264,2249449,3679,900161536,17179336704
1194.27,13659787264,2269485,3714,900997120,17179336704
1196.00,13659324416,2561673,3762,902123520,17179336704
1197.71,13659324416,3003833,3799,902139904,17179336704
1199.42,13659324416,2942245,3841,902262784,17179336704
1201.13,13659324416,3164372,4378,906846208,17179336704
1202.84,13659324416,3210439,5045,911151104,17179336704
1204.57,13659324416,3011676,5062,911142912,17179336704
1206.29,13659324416,2803418,4986,911204352,17179336704
1208.01,13659324416,2619963,4798,912191488,17179336704
1209.71,13659324416,2738900,4667,912744448,17179336704
1211.42,13659332608,2960391,4478,912928768,17179336704
1213.13,13659344896,2994660,4314,914411520,17179336704
1214.86,13659344896,2602915,4103,914616320,17179336704
1216.57,13659344896,2253087,3972,914894848,17179336704
1218.30,13659344896,2171787,4006,914534400,17179336704
1220.01,13659344896,1975709,3764,914542592,17179336704
1221.74,13659344896,2166136,3684,914759680,17179336704
1223.46,13659344896,2380815,3582,915136512,17179336704
1225.18,13659361280,2448520,3464,915451904,17179336704
1226.89,13659402240,2139788,3421,915800064,17179336704
1228.61,13659340800,2200339,3527,915705856,17179336704
1230.33,13659340800,2098175,3619,916000768,17179336704
1232.04,13659344896,1996529,3643,916410368,17179336704
1233.76,13659344896,2095991,3561,916852736,17179336704
1235.48,13659344896,2111008,3576,917561344,17179336704
1237.22,13659344896,2205434,3561,917901312,17179336704
1238.93,13659435008,2244775,3550,918863872,17179336704
1240.65,13659435008,2117949,3460,919916544,17179336704
1242.36,13659451392,2534702,3688,921792512,17179336704
1244.06,13659451392,2630991,3783,922157056,17179336704
1245.80,13659439104,2710965,3873,926531584,17179336704
1247.52,13659439104,2768528,3724,947675136,17179336704
1249.26,13659598848,3107851,5020,936972288,17179336704
1250.98,13659598848,2852513,4882,937123840,17179336704
1252.70,13659598848,2558021,4642,937123840,17179336704
1254.40,13659598848,2476210,4547,937152512,17179336704
1256.12,13659598848,2607605,4535,937279488,17179336704
1257.84,13659598848,2722449,4535,937979904,17179336704
1259.58,13659598848,2899002,4566,938848256,17179336704
1261.28,13659598848,2881313,4615,939204608,17179336704
1263.00,13659598848,2693807,4616,939696128,17179336704
1264.71,13659598848,2837585,4616,940703744,17179336704
1266.44,13659598848,2814828,4487,942387200,17179336704
1268.15,13659717632,2695193,4480,942264320,17179336704
1269.88,13659717632,2709603,4549,942010368,17179336704
1271.61,13659717632,2596692,4585,942264320,17179336704
1273.33,13659717632,2802726,4681,942063616,17179336704
1275.05,13659717632,2924449,4677,942682112,17179336704
1276.78,13659717632,2792640,4681,943067136,17179336704
1278.50,13659717632,3003776,4740,946376704,17179336704
1280.21,13659635712,2713246,4762,950083584,17179336704
1281.93,13659680768,3136999,4704,959488000,17179336704
1283.66,13659656192,2873204,4677,960028672,17179336704
1285.38,13659545600,2578055,4651,970301440,17179336704
1287.09,13659545600,2642511,4661,970190848,17179336704
1288.82,13659545600,2514680,4604,970366976,17179336704
1290.54,13659123712,2600131,4483,970919936,17179336704
1292.30,13659123712,2845974,4495,971026432,17179336704
1294.01,13659123712,2689674,4485,971239424,17179336704
1295.73,13659123712,2841244,4517,971366400,17179336704
1297.44,13659123712,2682850,4627,971399168,17179336704
1299.16,13659209728,2780018,4617,971583488,17179336704
1300.89,13659209728,2633577,4605,971681792,17179336704
1302.60,13659234304,2565761,4514,972423168,17179336704
1304.32,13659234304,2821451,4515,972816384,17179336704
1306.02,13659234304,3006087,4536,972701696,17179336704
1307.74,13659234304,2710816,4509,972701696,17179336704
1309.46,13659234304,2729421,4513,972902400,17179336704
1311.18,13659234304,2709658,4524,973058048,17179336704
1312.90,13659234304,2829646,4699,973205504,17179336704
1314.62,13659234304,2806369,4714,973455360,17179336704
1316.33,13659459584,2643802,4714,973496320,17179336704
1318.10,13659463680,2495955,4502,981430272,17179336704
1319.86,13659463680,2502773,4441,982204416,17179336704
1321.57,13659463680,2778153,4500,983592960,17179336704
1323.38,13659463680,2989383,4443,985157632,17179336704
1325.10,13659484160,2741919,4448,986955776,17179336704
1326.81,13659484160,2879050,4447,997392384,17179336704
1328.55,13659484160,2947204,4740,997965824,17179336704
1330.25,13659484160,2761856,4500,998002688,17179336704
1331.97,13659484160,2664004,4377,998174720,17179336704
1333.70,13659484160,2468678,4213,998371328,17179336704
1335.42,13659484160,2288428,4170,999268352,17179336704
1337.17,13659484160,2426729,4177,999182336,17179336704
1338.89,13659484160,2296755,4205,1000316928,17179336704
1340.60,13659484160,2458879,4234,1000738816,17179336704
1342.32,13659484160,2620880,4234,1000853504,17179336704
1344.04,13659484160,2568593,4153,1001783296,17179336704
1345.76,13659484160,2411825,4059,1002160128,17179336704
1347.46,13659484160,2517905,4021,1002733568,17179336704
1349.19,13659484160,2447335,4059,1001889792,17179336704
1350.89,13659484160,2571828,4194,1004535808,17179336704
1352.60,13659684864,2384669,4061,1005072384,17179336704
1354.33,13693239296,2572250,4129,1005121536,17179336704
1356.09,13693239296,2507936,4066,1005441024,17179336704
1357.81,13693263872,2466831,4078,1006882816,17179336704
1359.51,13693263872,2206388,4009,1007333376,17179336704
1361.23,13728915456,1965438,3686,1007517696,17179336704
1362.96,13728915456,2011299,3619,1008259072,17179336704
1364.69,13728935936,2312177,3600,1008189440,17179336704
1366.40,13728935936,2161626,3505,1008029696,17179336704
1368.12,13743616000,2176166,3501,1008799744,17179336704
1369.83,13796044800,2154235,3480,1009049600,17179336704
1371.55,13796044800,2062368,3425,1009467392,17179336704
1373.27,13796044800,2072845,3442,1009762304,17179336704
1374.99,13796044800,1862221,3408,1010397184,17179336704
1376.72,13796044800,1935095,3475,1011372032,17179336704
1378.43,13796044800,2525468,3625,1011474432,17179336704
1380.14,13796044800,2695217,3555,1012019200,17179336704
1381.87,13796044800,2527731,3448,1012645888,17179336704
1383.58,13812822016,2358157,3429,1013264384,17179336704
1385.31,13812846592,2412481,3559,1013522432,17179336704
1387.03,13812846592,2333032,3680,1013841920,17179336704
1388.75,13812846592,2202083,3672,1015046144,17179336704
1390.46,13812846592,2600803,3732,1017643008,17179336704
1392.18,13812846592,2559000,3688,1019002880,17179336704
1393.90,13812846592,2313586,3639,1019691008,17179336704
1395.61,13812846592,2444720,3727,1021423616,17179336704
1397.34,13812895744,2451951,3769,1022361600,17179336704
1399.05,13812895744,2746394,3874,1022427136,17179336704
1400.77,13812895744,2796375,3972,1026007040,17179336704
1402.50,13812895744,2598005,3964,1026547712,17179336704
1404.22,13812895744,2726540,3972,1027219456,17179336704
1405.95,13812895744,2710420,3925,1027878912,17179336704
1407.67,13812895744,2574005,3918,1029312512,17179336704
1409.40,13812895744,2575333,3925,1029562368,17179336704
1411.12,13812895744,2626392,3938,1030479872,17179336704
1412.84,13812822016,2817398,4011,1031335936,17179336704
1414.57,13812711424,2791104,4005,1032351744,17179336704
1416.30,13812461568,2780782,4015,1071095808,17179336704
1418.00,13812461568,2653137,3998,1081602048,17179336704
1419.72,13812727808,2657401,3981,1083809792,17179336704
1421.44,13812727808,2517498,3964,1084964864,17179336704
1423.17,13813018624,2461008,3967,1090326528,17179336704
1424.90,13813178368,2517526,3976,1131634688,17179336704
1426.62,13813186560,2355457,3985,1223094272,17179336704
1428.33,13813374976,2439001,3998,1302822912,17179336704
1430.05,13813456896,2239840,3993,1325920256,17179336704
1431.80,13813358592,2453756,3959,1328373760,17179336704
1433.50,13813628928,2289140,3951,1330163712,17179336704
1435.22,13813633024,2247241,3946,1331208192,17179336704
1436.94,13813633024,2402273,3951,1331838976,17179336704
1438.67,13813633024,2315530,3949,1337065472,17179336704
1440.39,13813604352,2288162,3959,1343156224,17179336704
1442.11,13813616640,2392342,3952,1368285184,17179336704
1443.84,13813710848,2360939,3958,1370054656,17179336704
1445.57,13813710848,2205911,3939,1371103232,17179336704
1447.28,13813710848,2344440,3946,1372721152,17179336704
1449.00,13813710848,2489439,3956,1374224384,17179336704
1450.74,13813825536,2735766,4224,1381408768,17179336704
1452.45,13843185664,2802088,4209,1382461440,17179336704
1454.17,13847396352,2679894,4199,1383010304,17179336704
1455.87,13847367680,2598742,4194,1384067072,17179336704
1457.59,13847314432,2717626,4211,1386901504,17179336704
1459.31,13847252992,2977933,4242,1389867008,17179336704
1461.04,13847252992,2853074,4224,1391112192,17179336704
1462.77,13847212032,2752245,4213,1393049600,17179336704
1464.50,13847408640,2975517,4211,1398616064,17179336704
1466.22,13847412736,2774180,4187,1399005184,17179336704
1467.96,13847412736,2581169,4182,1414012928,17179336704
1469.68,13847412736,2601272,4175,1414709248,17179336704
1471.42,13847412736,2506115,4176,1415434240,17179336704
1473.14,13847412736,2390369,4173,1415864320,17179336704
1474.87,13847597056,3031112,4306,1424637952,17179336704
1476.60,13847568384,2801249,4239,1448304640,17179336704
1478.32,13847568384,2772914,4255,1448157184,17179336704
1480.04,13847527424,2461903,4192,1555931136,17179336704
1481.76,13847584768,2352037,4173,1668276224,17179336704
1483.48,13847396352,2183484,4069,1698316288,17179336704
1485.20,13847396352,2063738,3899,1698304000,17179336704
1486.92,13847396352,1959143,3485,1698398208,17179336704
1488.63,13849493504,1677524,3212,1698906112,17179336704
1490.35,13849485312,1797608,3091,1699835904,17179336704
1492.08,13849464832,1777865,3090,1701044224,17179336704
1493.81,13849464832,1941156,3112,1702014976,17179336704
1495.53,13849620480,1954810,3125,1703174144,17179336704
1497.25,13849620480,1907495,3109,1703784448,17179336704
1498.98,13849620480,2199653,3119,1704013824,17179336704
1500.72,13849620480,2314142,3142,1703718912,17179336704
1502.45,13849620480,2248240,3161,1703944192,17179336704
1504.18,13849620480,2489149,3335,1704153088,17179336704
1505.90,13849505792,2591369,3890,1705013248,17179336704
1507.61,13849489408,2430228,3890,1705353216,17179336704
1509.33,13849477120,2239211,3861,1705525248,17179336704
1511.04,13849366528,2279664,3848,1706045440,17179336704
1512.75,13849366528,2191320,3838,1706586112,17179336704
1514.47,13849366528,2260400,3838,1707864064,17179336704
1516.19,13849362432,2322243,3838,1708736512,17179336704
1517.92,13849427968,2377106,3819,1708814336,17179336704
1519.65,13849358336,2270175,3817,1710706688,17179336704
1521.38,13849374720,2123661,3813,1711771648,17179336704
1523.08,13849407488,2193659,3823,1714049024,17179336704
1524.80,13849427968,2229187,3829,1715830784,17179336704
1526.54,13849427968,2366168,3836,1716391936,17179336704
1528.26,13849427968,2380764,3863,1715572736,17179336704
1529.96,13849427968,2248115,3842,1716408320,17179336704
1531.69,13849427968,2330877,3829,1718190080,17179336704
1533.40,13849440256,2408150,3865,1717981184,17179336704
1535.13,13849489408,2501260,3883,1718259712,17179336704
1536.86,13849489408,2447789,3877,1719357440,17179336704
1538.60,13849489408,2315359,3868,1720365056,17179336704
1540.32,13849489408,2735174,3884,1718513664,17179336704
1542.05,13849645056,2714978,3893,1718206464,17179336704
1543.77,13849645056,2487799,3872,1719414784,17179336704
1545.49,13849645056,2340946,3865,1720119296,17179336704
1547.22,13849645056,2564585,3913,1720954880,17179336704
1548.95,13849645056,2336969,3888,1722159104,17179336704
1550.66,13849534464,2355030,3899,1723006976,17179336704
1552.40,13849538560,2267609,3893,1722654720,17179336704
1554.12,13849538560,2417653,3889,1722626048,17179336704
1555.87,13849481216,2425750,3878,1723793408,17179336704
1557.59,13849456640,2493993,3893,1724878848,17179336704
1559.32,13849456640,2910487,3917,1724493824,17179336704
1561.07,13849456640,2666392,3852,1725022208,17179336704
1562.78,13849456640,2541869,3848,1725632512,17179336704
1564.50,13849456640,2429377,3867,1727041536,17179336704
1566.23,13849456640,2404216,3855,1727496192,17179336704
1567.95,13849407488,2495538,3815,1727717376,17179336704
1569.67,13849354240,2580600,3969,1726402560,17179336704
1571.39,13849010176,2448460,3964,1727418368,17179336704
1573.14,13848956928,2348813,3956,1727655936,17179336704
1574.86,13848956928,2103505,3905,1728212992,17179336704
1576.59,13848924160,2008658,3779,1728987136,17179336704
1578.36,13848924160,1777504,3420,1729269760,17179336704
1580.08,13848907776,1740095,3295,1730002944,17179336704
1581.80,13848883200,1678384,3245,1749606400,17179336704
1583.53,13848883200,1680667,3004,1751867392,17179336704
1585.24,13848829952,1800187,2992,1752616960,17179336704
1586.96,13848846336,2075837,3002,1752039424,17179336704
1588.68,13848846336,2164762,2988,1751822336,17179336704
1590.41,13848846336,2232483,2965,1752162304,17179336704
1592.12,13848961024,1992661,2919,1752219648,17179336704
1593.82,13848961024,1867308,2923,1753534464,17179336704
1595.53,13848961024,1793313,2904,1754669056,17179336704
1597.24,13848961024,1581407,2915,1755213824,17179336704
1598.95,13848961024,1636574,2839,1756622848,17179336704
1600.67,13849063424,1395910,2690,1757237248,17179336704
1602.38,13849075712,1192289,2291,1757818880,17179336704
1604.10,13849075712,1278963,2159,1757364224,17179336704
1605.82,13849075712,1271253,2159,1758867456,17179336704
1607.54,13849075712,1350687,2196,1761239040,17179336704
1609.25,13849096192,1488347,2168,1762222080,17179336704
1610.96,13849096192,1435448,2135,1762816000,17179336704
1612.68,13849096192,1279907,2129,1763618816,17179336704
1614.41,13849096192,1318692,2136,1764966400,17179336704
1616.15,13849096192,1292695,2090,1764769792,17179336704
1617.86,13849288704,1281462,2117,1765175296,17179336704
1619.61,13866090496,1107453,2097,1765761024,17179336704
1621.32,14098874368,947196,1809,1766117376,17179336704
1623.04,14134525952,962627,1704,1767538688,17179336704
1624.77,14193246208,803288,1555,1769844736,17179336704
1626.52,14753185792,667302,1283,1771339776,17179336704
1628.25,15399108608,509022,974,1772793856,17179336704
1629.99,15843917824,388993,751,1774608384,17179336704
1631.77,15952969728,374122,688,1776144384,17179336704
1633.49,16426926080,244885,457,1777934336,17179336704
1635.21,16785539072,143847,262,1778892800,17179336704
1636.95,16785539072,542314,251,1777840128,17179336704
1638.66,16798121984,846447,261,1777762304,17179336704
1640.39,16808607744,925776,258,1777995776,17179336704
1642.12,16852647936,714487,213,1779134464,17179336704
1643.85,16863133696,719493,222,1780985856,17179336704
1645.57,16886202368,553619,203,1782566912,17179336704
1647.29,16913465344,749695,184,1783861248,17179336704
1649.00,16919756800,763763,195,1784606720,17179336704
1650.73,16957505536,570035,163,1785872384,17179336704
1652.45,16965894144,417473,165,1787088896,17179336704
1654.17,16967991296,809346,199,1786327040,17179336704
1655.90,16982646784,650467,178,1787609088,17179336704
1657.62,16982638592,683873,171,1789009920,17179336704
1659.31,17020370944,500704,131,1789804544,17179336704
1661.04,17026662400,386787,134,1791148032,17179336704
1662.75,17028759552,306956,132,1792507904,17179336704
1664.47,17032925184,251427,143,1794080768,17179336704
1666.19,17032888320,471176,134,1793961984,17179336704
1667.90,17032802304,953292,170,1793601536,17179336704
1669.63,17068371968,1043241,121,1792544768,17179336704
1671.34,17114423296,821998,89,1793617920,17179336704
1673.08,17122811904,919772,111,1793929216,17179336704
1674.80,17122811904,777589,122,1795399680,17179336704
1676.53,17133248512,792018,111,1796665344,17179336704
1678.26,17133248512,623917,114,1797455872,17179336704
1679.97,17133248512,596026,117,1798852608,17179336704
1681.70,17133248512,554330,133,1800007680,17179336704
1683.42,17133248512,494668,138,1800560640,17179336704
1685.15,17133248512,393016,89,1802571776,17179336704
1686.86,17133137920,765449,120,1802534912,17179336704
1688.59,17204441088,555454,54,1800654848,17179336704
1690.31,17240092672,376355,27,1801134080,17179336704
1692.03,17244344320,275168,41,1802063872,17179336704
1693.74,17248538624,143605,76,1803288576,17179336704
1695.45,17269817344,30405,32,1525473280,17179336704
1697.33,17269698560,518340,128,1244999680,17179336704
1699.08,17269600256,450623,128,1249005568,17179336704
1700.79,17269600256,549374,105,1251119104,17179336704
1702.53,17269600256,691739,80,1251979264,17179336704
1704.25,17269657600,759563,73,1252945920,17179336704
1705.98,17269657600,623033,61,1255239680,17179336704
1707.68,17269657600,485702,67,1257713664,17179336704
1709.37,17269657600,1001500,59,1256382464,17179336704
1711.09,17269657600,989478,26,1257656320,17179336704
1712.81,17269657600,798969,24,1258782720,17179336704
1714.53,17269657600,612285,22,1259982848,17179336704
1716.25,17269657600,485078,60,1260544000,17179336704
1717.97,17269657600,807765,91,1260285952,17179336704
1719.72,17269657600,1093112,63,1259823104,17179336704
1721.44,17275949056,993498,10,1260404736,17179336704
1723.16,17275949056,989178,7,1261174784,17179336704
1724.88,17275949056,840087,43,1262116864,17179336704
1726.60,17275949056,717698,84,1262850048,17179336704
1728.33,17275949056,701551,75,1263771648,17179336704
1730.03,17275949056,697117,71,1265410048,17179336704
1731.74,17275949056,774109,75,1266515968,17179336704
1733.45,17275949056,630896,65,1267990528,17179336704
1735.18,17275949056,441319,55,1268588544,17179336704
1736.91,17275949056,658723,86,1266106368,17179336704
1738.62,17275949056,650291,77,1267499008,17179336704
1740.33,17275949056,930283,91,1267576832,17179336704
1742.05,17275949056,1225538,102,1268482048,17179336704
1743.77,17275949056,1267608,102,1261907968,17179336704
1745.49,17275949056,1358060,80,1262850048,17179336704
1747.20,17275949056,1183191,56,1263288320,17179336704
1748.91,17275953152,1483364,64,1264111616,17179336704
1750.64,17275953152,1463597,22,1264652288,17179336704
1752.39,17275953152,1300720,32,1265057792,17179336704
1754.11,17276059648,1269892,19,1266384896,17179336704
1755.83,17276059648,1823376,280,1262899200,17179336704
1757.56,17276059648,1537932,246,1263337472,17179336704
1759.28,17276063744,1315599,218,1263693824,17179336704
1761.00,17276063744,1108538,253,1264332800,17179336704
1762.70,17276063744,950577,261,1265172480,17179336704
1764.43,17276063744,998759,269,1265205248,17179336704
1766.16,17276063744,1034275,254,1267269632,17179336704
1767.88,17276067840,1570764,301,1266864128,17179336704
1769.61,17276067840,1537115,247,1267515392,17179336704
1771.32,17276067840,1309358,220,1267687424,17179336704
1773.03,17276067840,1367680,249,1268068352,17179336704
1774.75,17276067840,1351186,281,1268621312,17179336704
1776.47,17276067840,1154930,278,1269379072,17179336704
1778.19,17276067840,1182030,309,1269809152,17179336704
1779.91,17276026880,1470699,301,1269579776,17179336704
1781.63,17276026880,1244631,274,1270829056,17179336704
1783.36,17276026880,1349578,266,1271570432,17179336704
1785.09,17276047360,1103159,256,1272188928,17179336704
1786.82,17276047360,950552,276,1273208832,17179336704
1788.53,17276076032,975163,295,1274454016,17179336704
1790.24,17276076032,1093858,265,1275117568,17179336704
1791.96,17276076032,921498,228,1275564032,17179336704
1793.68,17276076032,897216,228,1276526592,17179336704
1795.41,17276149760,1408016,236,1275518976,17179336704
1797.11,17276149760,1364737,218,1275879424,17179336704
1798.83,17276166144,1184726,237,1275932672,17179336704
1800.54,17276166144,1055439,227,1276456960,17179336704
1802.26,17276178432,1238129,286,1275281408,17179336704
1803.98,17276178432,1393723,291,1276088320,17179336704
1805.71,17276178432,1368931,254,1277227008,17179336704
1807.43,17276178432,1953913,312,1275916288,17179336704
1809.17,17276309504,1703929,298,1276256256,17179336704
1810.89,17276309504,1606618,292,1276710912,17179336704
1812.61,17276309504,1583071,288,1277685760,17179336704
1814.32,17276309504,1461135,252,1277906944,17179336704
1816.03,17276309504,1586493,270,1279574016,17179336704
1817.75,17276387328,1414686,267,1280573440,17179336704
1819.47,17276387328,1595042,289,1282203648,17179336704
1821.20,17276387328,1607299,294,1283325952,17179336704
1822.92,17276391424,1921630,1732,1280053248,17179336704
1824.64,17276391424,2434195,2129,1278640128,17179336704
1826.36,17276391424,2490088,2282,1279152128,17179336704
1828.13,17276395520,2815849,3203,1278644224,17179336704
1829.85,17276395520,2524903,3178,1278910464,17179336704
1831.55,17276395520,2436644,3182,1279139840,17179336704
1833.26,17276395520,2436526,3200,1279397888,17179336704
1834.97,17276411904,2296506,3194,1280532480,17179336704
1836.69,17276407808,2199106,3198,1281540096,17179336704
1838.42,17276407808,2298591,3185,1282584576,17179336704
1840.15,17276407808,2535188,3190,1283248128,17179336704
1841.85,17276407808,2688710,3205,1283469312,17179336704
1843.57,17276407808,2995468,3778,1282502656,17179336704
1845.30,17276407808,2758409,3764,1282564096,17179336704
1847.00,17276407808,2474553,3722,1282789376,17179336704
1848.75,17276399616,2575012,3736,1284145152,17179336704
1850.52,17276399616,2502976,3667,1285042176,17179336704
1852.24,17276399616,2346354,3643,1285054464,17179336704
1853.96,17276289024,2284621,3586,1285455872,17179336704
1855.69,17276289024,2039836,3533,1286144000,17179336704
1857.41,17276289024,1986234,3476,1287163904,17179336704
1859.14,17276289024,1933383,3417,1287983104,17179336704
1860.86,17276211200,1971550,3233,1292210176,17179336704
1862.59,17276039168,1799213,3216,1326616576,17179336704
1864.31,17276039168,1614872,2961,1327181824,17179336704
1866.04,17276039168,1630544,2947,1328328704,17179336704
1867.77,17276039168,1644169,2930,1329467392,17179336704
1869.50,17276039168,1623266,2923,1330368512,17179336704
1871.23,17276039168,1598638,2941,1330831360,17179336704
1872.94,17276039168,1973259,2985,1330536448,17179336704
1874.66,17276174336,1777799,2973,1330991104,17179336704
1876.37,17276174336,1830037,2998,1330962432,17179336704
1878.10,17276174336,1916250,3021,1332715520,17179336704
1879.87,17276174336,1925974,3048,1334972416,17179336704
1881.59,17276174336,1746904,3039,1336950784,17179336704
1883.31,17276338176,1733918,3044,1338626048,17179336704
1885.03,17276338176,1689699,3037,1340088320,17179336704
1886.76,17276338176,2079968,3087,1339604992,17179336704
1888.47,17276338176,2060665,3095,1341632512,17179336704
1890.17,17276338176,2407084,3118,1339891712,17179336704
1891.90,17276338176,2749911,3145,1339650048,17179336704
1893.62,17276338176,2809004,3230,1339162624,17179336704
1895.34,17276338176,2757127,3238,1339809792,17179336704
1897.07,17276338176,2748829,3229,1340571648,17179336704
1898.79,17276338176,2775215,3231,1339973632,17179336704
1900.51,17276338176,2639732,3226,1341050880,17179336704
1902.23,17276338176,2800016,3217,1341820928,17179336704
1903.95,17276338176,2773990,3218,1342623744,17179336704
1905.67,17276338176,2653765,3220,1344245760,17179336704
1907.40,17276338176,2724536,3231,1344438272,17179336704
1909.12,17276338176,2686305,3235,1345466368,17179336704
1910.84,17276219392,3074786,3255,1346019328,17179336704
1912.53,17276219392,2917870,3155,1348022272,17179336704
1914.25,17276219392,2735794,3067,1348411392,17179336704
1915.97,17276219392,2569448,3065,1352347648,17179336704
1917.70,17276043264,2734585,3949,1354678272,17179336704
1919.43,17276190720,2563187,3925,1354801152,17179336704
1921.16,17276170240,2348465,3898,1355038720,17179336704
1922.87,17276170240,2162165,3651,1355407360,17179336704
1924.60,17276170240,1913876,3396,1355485184,17179336704
1926.31,17276092416,1863955,3307,1355632640,17179336704
1928.02,17276092416,1634089,2992,1356058624,17179336704
1929.74,17276092416,1707328,3009,1356288000,17179336704
1931.46,17276043264,1502178,2784,1356857344,17179336704
1933.18,17276043264,1526365,2555,1356648448,17179336704
1934.97,17276043264,1523209,2518,1356726272,17179336704
1936.70,17275949056,1581027,2511,1357529088,17179336704
1938.43,17275949056,1596404,2499,1358577664,17179336704
1940.16,17275949056,1467620,2508,1359044608,17179336704
1941.88,17275949056,1501565,2500,1361145856,17179336704
1943.61,17275949056,1561039,2490,1361649664,17179336704
1945.32,17275949056,1434858,2466,1362411520,17179336704
1947.04,17275850752,1249365,2335,1363824640,17179336704
1948.77,17275850752,1699592,2215,1364185088,17179336704
1950.50,17275850752,1758276,2261,1363644416,17179336704
1952.20,17275838464,1903381,2283,1362735104,17179336704
1953.93,17275838464,1741860,2227,1364013056,17179336704
1955.67,17275838464,2165497,2255,1365094400,17179336704
1957.40,17275838464,2224793,2270,1365590016,17179336704
1959.10,17275838464,2123814,2266,1365966848,17179336704
1960.82,17275838464,2097145,2288,1366720512,17179336704
1962.52,17275838464,2177804,2314,1367109632,17179336704
1964.24,17275867136,2003818,2304,1367678976,17179336704
1965.96,17275990016,2325331,2381,1369677824,17179336704
1967.73,17276051456,2515230,3487,1369481216,17179336704
1969.45,17276051456,2278949,3484,1370177536,17179336704
1971.17,17276051456,2222357,3498,1370832896,17179336704
1972.88,17276051456,2251295,3494,1371549696,17179336704
1974.60,17276231680,2557257,3431,1372471296,17179336704
1976.32,17276305408,2389227,3414,1372962816,17179336704
1978.05,17276305408,2406151,3418,1372717056,17179336704
1979.76,17276338176,2501102,3607,1393020928,17179336704
1981.49,17276342272,2378403,3618,1400922112,17179336704
1983.21,17276383232,2183268,3583,1401245696,17179336704
1984.92,17276383232,2179084,3567,1401794560,17179336704
1986.66,17276383232,2078087,3601,1401757696,17179336704
1988.39,17276383232,1954925,3333,1401548800,17179336704
1990.11,17276387328,1775102,3213,1402408960,17179336704
1991.84,17276518400,1631205,2991,1402953728,17179336704
1993.55,17276518400,1483153,2761,1404235776,17179336704
1995.29,17276518400,1458437,2678,1404317696,17179336704
1997.01,17276579840,1597951,2660,1406472192,17179336704
1998.73,17276583936,1453142,2655,1409945600,17179336704
2000.47,17276727296,1925515,2716,1432248320,17179336704
2002.20,17276702720,2197162,2730,1467121664,17179336704
2003.94,17276821504,2077003,2689,1481945088,17179336704
2005.66,17276821504,2586870,2726,1480445952,17179336704
2007.38,17276821504,2500881,2819,1480187904,17179336704
2009.11,17276821504,2431780,2828,1481789440,17179336704
2010.82,17276878848,2365264,2828,1486254080,17179336704
2012.55,17276878848,2826720,3655,1485516800,17179336704
2014.32,17276674048,2652315,3762,1485570048,17179336704
2016.04,17276674048,2428484,3747,1485688832,17179336704
2017.76,17276674048,2409218,3755,1485824000,17179336704
2019.49,17276645376,2310619,3728,1486012416,17179336704
2021.21,17276645376,2398432,3762,1486331904,17179336704
2022.92,17276645376,2537944,3775,1487003648,17179336704
2024.66,17276645376,2650550,3746,1487630336,17179336704
2026.37,17276645376,2688047,3809,1487327232,17179336704
2028.09,17276624896,2527574,3808,1487486976,17179336704
2029.83,17276473344,2339249,3815,1487466496,17179336704
2031.55,17276473344,2310412,3810,1487941632,17179336704
2033.28,17276473344,2130779,3665,1488142336,17179336704
2035.04,17276473344,2153377,3605,1488805888,17179336704
2036.76,17276473344,2241679,3601,1489645568,17179336704
2038.49,17276473344,2355061,3611,1490165760,17179336704
2040.22,17276473344,2364774,3580,1490296832,17179336704
2041.94,17276473344,2193143,3573,1490399232,17179336704
2043.65,17276420096,2299227,3541,1490792448,17179336704
2045.37,17276403712,2162865,3516,1490980864,17179336704
2047.09,17276403712,2335026,3610,1491963904,17179336704
2048.82,17276403712,2051390,3584,1492664320,17179336704
2050.55,17276329984,2145062,3523,1493508096,17179336704
2052.27,17276329984,2210626,3527,1493663744,17179336704
2053.99,17276289024,2346101,3559,1493024768,17179336704
2055.72,17276289024,2189810,3533,1493700608,17179336704
2057.45,17276289024,2222143,3545,1494028288,17179336704
2059.17,17276289024,2020590,3546,1494818816,17179336704
2060.90,17276170240,1970952,3482,1495420928,17179336704
2062.66,17276170240,2106813,3408,1496276992,17179336704
2064.40,17276170240,2178369,3398,1496592384,17179336704
2066.11,17276063744,2739945,3410,1497931776,17179336704
2067.87,17276063744,2757428,3427,1496600576,17179336704
2069.59,17276063744,2555091,3421,1496616960,17179336704
2071.32,17276063744,2279796,3410,1497137152,17179336704
2073.05,17276063744,2190639,3405,1497755648,17179336704
2074.76,17276063744,1933607,3381,1498198016,17179336704
2076.48,17276088320,1842709,3266,1498714112,17179336704
2078.20,17276088320,2614578,3363,1497968640,17179336704
2079.92,17276088320,2371700,3360,1498320896,17179336704
2081.64,17276088320,2659121,3357,1498689536,17179336704
2083.36,17276104704,2439881,3373,1498591232,17179336704
2085.10,17276104704,2256839,3379,1498570752,17179336704
2086.82,17276104704,1968470,3361,1498578944,17179336704
2088.52,17276104704,1856491,3265,1498841088,17179336704
2090.24,17276104704,2211115,3267,1498927104,17179336704
2091.96,17276112896,2231175,3246,1499148288,17179336704
2093.69,17276112896,2086876,3218,1500217344,17179336704
2095.40,17276112896,2495884,3259,1500438528,17179336704
2097.12,17276194816,2425683,3342,1500057600,17179336704
2098.84,17276194816,2137979,3342,1500024832,17179336704
2100.57,17276194816,2049242,3352,1500246016,17179336704
2102.29,17276194816,2237060,3346,1500233728,17179336704
2104.00,17276194816,1937334,3274,1500409856,17179336704
2105.73,17276194816,2313009,3269,1501167616,17179336704
2107.45,17276194816,2412755,3332,1500889088,17179336704
2109.16,17276194816,2140906,3327,1501212672,17179336704
2110.87,17276194816,2203625,3354,1501204480,17179336704
2112.61,17276194816,2271156,3419,1501298688,17179336704
2114.32,17276198912,1996534,3383,1501474816,17179336704
2116.07,17276198912,1811070,3213,1501757440,17179336704
2117.79,17276198912,1700075,3149,1502564352,17179336704
2119.49,17276198912,2004830,3126,1503346688,17179336704
2121.21,17276198912,2427854,3105,1503760384,17179336704
2122.93,17276198912,2279392,3085,1504468992,17179336704
2124.64,17276198912,2015386,3076,1504796672,17179336704
2126.35,17276198912,2152921,3112,1504153600,17179336704
2128.07,17276198912,2312466,3121,1504583680,17179336704
2129.81,17276198912,2009285,3121,1504927744,17179336704
2131.53,17276198912,2092898,3183,1504673792,17179336704
2133.24,17276141568,2230799,3260,1504698368,17179336704
2134.98,17276141568,2348510,3273,1504911360,17179336704
2136.72,17276141568,2070521,3264,1505239040,17179336704
2138.43,17276100608,1964418,3246,1505013760,17179336704
2140.14,17276100608,1911238,3247,1505267712,17179336704
2141.85,17276100608,1858248,3138,1506869248,17179336704
2143.61,17276100608,2096143,3118,1507241984,17179336704
2145.33,17276100608,2249078,3102,1508225024,17179336704
2147.07,17276100608,2539125,3174,1507966976,17179336704
2148.80,17275990016,2242203,3127,1508626432,17179336704
2150.54,17275957248,2358219,3181,1507930112,17179336704
2152.27,17275957248,2261426,3222,1507708928,17179336704
2154.00,17275944960,1983962,3211,1507708928,17179336704
2155.73,17275944960,1863322,3103,1507938304,17179336704
2157.45,17275944960,1986224,3034,1508675584,17179336704
2159.17,17275944960,2188937,3030,1508884480,17179336704
2160.89,17275924480,1919187,3021,1510068224,17179336704
2162.62,17275924480,1710159,3007,1510834176,17179336704
2164.35,17275863040,1731778,2898,1511034880,17179336704
2166.08,17275863040,1902800,2911,1511370752,17179336704
2167.80,17275863040,1799545,2875,1512452096,17179336704
2169.53,17275863040,2104494,2902,1512087552,17179336704
2171.23,17275863040,2041608,2900,1512624128,17179336704
2172.97,17275863040,2357287,2934,1514004480,17179336704
2174.72,17275863040,2531184,3302,1513664512,17179336704
2176.44,17275863040,2505943,3740,1513476096,17179336704
2178.18,17275863040,2344818,3723,1513455616,17179336704
2179.89,17275863040,2228379,3716,1513664512,17179336704
2181.61,17275863040,2174088,3644,1513918464,17179336704
2183.34,17275863040,2247071,3628,1513840640,17179336704
2185.05,17275863040,2095758,3621,1514221568,17179336704
2186.76,17275863040,2134082,3537,1515552768,17179336704
2188.47,17275863040,2365614,3521,1516265472,17179336704
2190.21,17275842560,2424531,3570,1515208704,17179336704
2191.94,17275842560,2322783,3581,1515728896,17179336704
2193.68,17275842560,2334641,3586,1515794432,17179336704
2195.40,17275777024,2501473,3587,1515913216,17179336704
2197.13,17275777024,2338856,3500,1515945984,17179336704
2198.85,17275777024,2054117,3450,1515958272,17179336704
2200.57,17275777024,2065299,3375,1516187648,17179336704
2202.30,17275777024,2417031,3306,1516249088,17179336704
2204.03,17275777024,2250298,3309,1516826624,17179336704
2205.73,17275772928,2198138,3320,1516720128,17179336704
2207.45,17275727872,1985389,3348,1517731840,17179336704
2209.17,17275727872,2087387,3354,1518194688,17179336704
2210.89,17275805696,2180014,3392,1518088192,17179336704
2212.61,17275805696,2013512,3398,1518452736,17179336704
2214.31,17275805696,2021190,3420,1519067136,17179336704
2216.04,17275805696,2008815,3422,1519050752,17179336704
2217.76,17275805696,2120842,3543,1519575040,17179336704
2219.49,17275805696,1957538,3486,1520283648,17179336704
2221.20,17275805696,2056870,3461,1520205824,17179336704
2222.91,17275805696,2046902,3463,1522778112,17179336704
2224.62,17275805696,2375753,3478,1522683904,17179336704
2226.35,17275920384,2720272,3474,1523105792,17179336704
2228.06,17275936768,2599190,3469,1524178944,17179336704
2229.79,17275936768,2660389,3451,1525116928,17179336704
2231.51,17275936768,2680056,3479,1526358016,17179336704
2233.24,17275936768,2523959,3466,1533517824,17179336704
2234.96,17276067840,2615294,3879,1565507584,17179336704
2236.67,17276067840,2493632,3855,1567244288,17179336704
2238.39,17276104704,2483242,3873,1615364096,17179336704
2240.12,17276157952,2390199,3802,1616392192,17179336704
2241.85,17276157952,2306460,3714,1660002304,17179336704
2243.58,17276157952,2382206,3703,1660469248,17179336704
2245.31,17276198912,2411030,3766,1665568768,17179336704
2247.02,17276207104,2075561,3662,1672757248,17179336704
2248.74,17276207104,1880805,3429,1731416064,17179336704
2250.47,17276493824,1818629,3314,1733554176,17179336704
2252.20,17276588032,1597540,3008,1778434048,17179336704
2253.92,17276657664,2024542,3010,1896865792,17179336704
2255.64,17276694528,2047686,3022,2093383680,17179336704
2257.37,17276694528,2082528,3002,2241503232,17179336704
2259.09,17276694528,1940162,2975,2447843328,17179336704
2260.80,17276694528,1992389,2911,2530951168,17179336704
2262.54,17276694528,2084865,2975,2530734080,17179336704
2264.24,17276358656,2118229,3030,2530906112,17179336704
2265.96,17276243968,2283352,3031,2531319808,17179336704
2267.69,17276243968,1989813,3027,2670993408,17179336704
2269.41,17276280832,2202819,3047,2702643200,17179336704
2271.11,17276325888,1908730,3037,2703958016,17179336704
2272.82,17276325888,1785975,3045,2775322624,17179336704
2274.54,17276329984,1835579,3033,2831376384,17179336704
2276.26,17276329984,1999677,3030,2831765504,17179336704
2277.99,17276329984,2390369,3154,2831441920,17179336704
2279.73,17276329984,2116512,3119,2835300352,17179336704
2281.45,17276329984,2294369,3148,2840596480,17179336704
2283.17,17276497920,2004241,3133,2990678016,17179336704
2284.88,17276657664,1847217,3104,3249393664,17179336704
2286.60,17276657664,2338916,3182,3249995776,17179336704
2288.32,17276657664,2090052,3177,3344646144,17179336704
2290.03,17276657664,2366463,3183,3497734144,17179336704
2291.76,17276653568,2427317,3175,3573026816,17179336704
2293.49,17276653568,2462490,3182,3580952576,17179336704
2295.23,17276633088,2449662,3151,3640487936,17179336704
2296.96,17276497920,2336935,3146,3641466880,17179336704
2298.81,17276497920,2108429,3127,3693559808,17179336704
2300.53,17276248064,2133748,3135,3697917952,17179336704
2302.23,17276248064,2206515,3165,3699396608,17179336704
2303.97,17276248064,1896143,3157,3824238592,17179336704
2305.69,17276260352,2280763,3146,3866402816,17179336704
2307.41,17276264448,2330270,3099,3867049984,17179336704
2309.13,17276280832,2242285,3041,3868061696,17179336704
2310.87,17276256256,2098973,3021,3868356608,17179336704
2312.59,17276256256,1917617,3024,3967586304,17179336704
2314.32,17276080128,2231834,3071,3969617920,17179336704
2316.04,17276080128,2199547,3080,3969908736,17179336704
2317.76,17276080128,2142957,3103,3977367552,17179336704
2319.49,17276071936,2017591,3094,3978575872,17179336704
2321.24,17276084224,1860326,3082,4069535744,17179336704
2322.97,17276084224,1974188,3166,4160126976,17179336704
2324.69,17276084224,2105706,3186,4253212672,17179336704
2326.40,17276084224,2101832,3171,4383203328,17179336704
2328.12,17276084224,2178870,3149,4426227712,17179336704
2329.85,17276084224,2152388,3156,4427436032,17179336704
2331.58,17276084224,1948586,3132,4466892800,17179336704
2333.31,17276084224,1996641,3154,4471922688,17179336704
2335.03,17276084224,1948228,3152,4515041280,17179336704
2336.75,17276252160,2014233,3157,4612493312,17179336704
2338.51,17276252160,1774819,3152,4694220800,17179336704
2340.21,17276252160,1985972,3159,4708851712,17179336704
2341.93,17276252160,1885588,3158,4749041664,17179336704
2343.65,17276252160,1881139,3160,4750397440,17179336704
2345.38,17276252160,1862499,3140,4750942208,17179336704
2347.11,17276252160,1914586,3128,4752302080,17179336704
2348.83,17276223488,1773868,3101,4753874944,17179336704
2350.55,17276223488,1516947,2814,4864811008,17179336704
2352.27,17276264448,1836006,2730,4863967232,17179336704
2354.08,17276436480,1871817,2739,4911058944,17179336704
2355.80,17276436480,1736919,2725,4912300032,17179336704
2357.54,17276436480,1942716,2733,4913102848,17179336704
2359.26,17276436480,1740932,2724,4914032640,17179336704
2361.00,17276383232,1858767,2758,4914466816,17179336704
2362.73,17276190720,1798865,2754,4916121600,17179336704
2364.44,17276190720,1915986,2791,4916273152,17179336704
2366.17,17276190720,1886567,2887,4916092928,17179336704
2367.89,17276428288,1896543,2873,4953841664,17179336704
2369.62,17276428288,1919100,2882,4954066944,17179336704
2371.35,17276428288,1899121,2872,4954079232,17179336704
2373.08,17276370944,1975142,2877,4954140672,17179336704
2374.81,17276370944,1690905,2841,4954320896,17179336704
2376.54,17276350464,1814581,2850,4954652672,17179336704
2378.26,17276284928,1767465,2853,4954763264,17179336704
2379.98,17276293120,1967457,2860,4955545600,17179336704
2381.71,17276293120,2037340,2871,4957474816,17179336704
2383.43,17276293120,1840244,2865,4958486528,17179336704
2385.14,17276293120,1854161,2869,4965883904,17179336704
2386.87,17276751872,2003517,2869,4987142144,17179336704
2388.60,17276751872,1970051,2878,5091233792,17179336704
2390.33,17276768256,2014438,2866,5154529280,17179336704
2392.04,17276768256,1854966,2862,5156003840,17179336704
2393.76,17276772352,1807909,2854,5157130240,17179336704
2395.48,17276493824,1856360,2827,5158047744,17179336704
2397.20,17276395520,1819544,2829,5165842432,17179336704
2398.91,17276395520,1701525,2826,5173506048,17179336704
2400.63,17276391424,1526922,2781,5173841920,17179336704
2402.35,17276260352,1421787,2564,5176188928,17179336704
2404.08,17276264448,1236589,2320,5180657664,17179336704
2405.80,17276264448,1420586,2171,5186658304,17179336704
2407.53,17276264448,1638052,2190,5214965760,17179336704
2409.26,17276264448,1910198,2209,5225844736,17179336704
2410.98,17276264448,2057245,2234,5227311104,17179336704
2412.71,17276264448,2184017,2244,5228339200,17179336704
2414.38,17276297216,2149671,2235,5236400128,17179336704
2416.05,17276297216,2103077,2228,5360304128,17179336704
2417.72,17276297216,2251400,2242,5361135616,17179336704
2419.40,17276297216,2251032,2242,5361594368,17179336704
2421.08,17276297216,2435550,2283,5368569856,17179336704
2422.76,17276383232,2435506,2283,5368741888,17179336704
2424.43,17276383232,2435268,2275,5368741888,17179336704
2426.10,17276391424,2669952,2921,5364563968,17179336704
2427.79,17276383232,2699304,3028,5373784064,17179336704
2429.46,17276383232,2699374,3028,5373788160,17179336704
2431.13,17276383232,2699388,3028,5373784064,17179336704
2432.81,17276383232,2699346,3028,5373857792,17179336704
2434.49,17276383232,2699160,3028,5374255104,17179336704
2436.16,17276383232,2699148,3028,5374246912,17179336704
2437.82,17276497920,2699157,3028,5374255104,17179336704
2439.50,17276497920,2699111,3028,5374377984,17179336704
2441.18,17276497920,2699131,3028,5374377984,17179336704
2442.85,17276497920,2699146,3028,5374377984,17179336704
2444.52,17276497920,2699141,3028,5374509056,17179336704
2446.21,17276497920,2699202,3028,5374513152,17179336704
2447.89,17276497920,2699081,3028,5374517248,17179336704
2449.56,17276497920,2699213,3028,5374509056,17179336704
2451.23,17276497920,2699126,3028,5374509056,17179336704
2452.91,17276497920,2699131,3028,5374509056,17179336704
2454.58,17276497920,2699109,3028,5374509056,17179336704
2456.25,17276497920,2699226,3028,5374509056,17179336704
2457.92,17276497920,2699196,3028,5374509056,17179336704
2459.59,17276665856,2699153,3028,5374509056,17179336704
2461.28,17276665856,2699222,3028,5374509056,17179336704
2462.95,17276665856,2699187,3028,5374509056,17179336704
2464.63,17276665856,2699096,3028,5374509056,17179336704
2466.31,17276665856,2699088,3028,5374509056,17179336704
2467.98,17276665856,2699218,3028,5374509056,17179336704
2469.65,17276665856,2699067,3028,5374644224,17179336704
2471.32,17276665856,2699146,3028,5374644224,17179336704
2473.00,17276665856,2699104,3028,5374644224,17179336704
2474.69,17276665856,2699151,3028,5374640128,17179336704
2476.36,17276665856,2699201,3028,5374644224,17179336704
2478.03,17276665856,2699109,3028,5374640128,17179336704
2479.71,17276592128,2699118,3028,5374644224,17179336704
2481.39,17276592128,2699069,3028,5374648320,17179336704
2483.07,17276592128,2699146,3028,5374648320,17179336704
2484.76,17276592128,2699123,3028,5374648320,17179336704
2486.44,17276592128,2699093,3028,5374644224,17179336704
2488.11,17276592128,2699179,3028,5374644224,17179336704
2489.79,17276592128,2699152,3028,5374648320,17179336704
2491.47,17276592128,2699053,3028,5374771200,17179336704
2493.15,17276592128,2699022,3028,5374910464,17179336704
2494.82,17276592128,2699119,3028,5374910464,17179336704
2496.50,17276592128,2698996,3028,5374906368,17179336704
2498.17,17276592128,2699082,3028,5374910464,17179336704
2499.84,17276592128,2698994,3028,5374910464,17179336704
2501.52,17276592128,2699003,3028,5374906368,17179336704
2503.19,17276592128,2698972,3028,5374902272,17179336704
2504.86,17276592128,2699024,3028,5374906368,17179336704
2506.53,17276514304,2699113,3028,5374906368,17179336704
2508.21,17276514304,2698996,3028,5374902272,17179336704
2509.88,17276514304,2699075,3028,5374910464,17179336704
2511.55,17276489728,2699083,3028,5374910464,17179336704
2513.22,17276489728,2698953,3028,5374906368,17179336704
2514.89,17276489728,2699071,3028,5374910464,17179336704
2516.56,17276489728,2698975,3028,5375041536,17179336704
2518.23,17276489728,2698934,3028,5375041536,17179336704
2519.90,17276489728,2698938,3028,5375041536,17179336704
2521.57,17276436480,2698988,3028,5375037440,17179336704
2523.24,17276436480,2698946,3028,5375037440,17179336704
2524.91,17276436480,2698978,3028,5375037440,17179336704
2526.59,17276407808,2699028,3028,5375033344,17179336704
2528.26,17276407808,2698919,3028,5375041536,17179336704
2529.93,17276407808,2698991,3028,5375041536,17179336704
2531.62,17276407808,2698940,3028,5375037440,17179336704
2533.30,17276407808,2699008,3028,5375037440,17179336704
2534.98,17276407808,2698984,3028,5375041536,17179336704
2536.66,17276407808,2698998,3028,5375041536,17179336704
2538.34,17276407808,2698912,3028,5375172608,17179336704
2540.01,17276407808,2698861,3028,5375172608,17179336704
2541.69,17276186624,2698919,3028,5375172608,17179336704
2543.37,17276186624,2698985,3028,5375168512,17179336704
2545.04,17276186624,2698978,3028,5375172608,17179336704
2546.72,17276186624,2698898,3028,5375303680,17179336704
2548.39,17276186624,2698836,3028,5375299584,17179336704
2550.07,17276186624,2698810,3028,5375299584,17179336704
2551.75,17276133376,2698861,3028,5375303680,17179336704
2553.42,17276133376,2698931,3028,5375299584,17179336704
2555.10,17276133376,2698878,3028,5375299584,17179336704
2556.76,17276104704,2698859,3028,5375303680,17179336704
2558.44,17276104704,2698862,3028,5375303680,17179336704
2560.13,17276104704,2698855,3028,5375295488,17179336704
2561.80,17276104704,2698927,3028,5375303680,17179336704
2563.48,17276104704,2698916,3028,5375434752,17179336704
2565.16,17276104704,2698853,3028,5375434752,17179336704
2566.83,17276055552,2698893,3028,5375434752,17179336704
2568.50,17276055552,2698901,3028,5375434752,17179336704
2570.18,17276055552,2698852,3028,5375434752,17179336704
2571.85,17276055552,2698893,3028,5375434752,17179336704
2573.52,17276055552,2698835,3028,5375430656,17179336704
2575.19,17276055552,2698801,3028,5375430656,17179336704
2576.87,17276055552,2698912,3028,5375434752,17179336704
2578.53,17276055552,2698830,3028,5375430656,17179336704
2580.21,17276055552,2698829,3028,5375430656,17179336704
2581.88,17276055552,2698891,3028,5375430656,17179336704
2583.55,17276055552,2698893,3028,5375434752,17179336704
2585.23,17276055552,2698831,3028,5375430656,17179336704
2586.90,17276055552,2698788,3028,5375565824,17179336704
2588.57,17276055552,2698785,3028,5375561728,17179336704
2590.24,17276055552,2698856,3028,5375561728,17179336704
2591.91,17276055552,2698822,3028,5375565824,17179336704
2593.58,17276055552,2698872,3028,5375561728,17179336704
2595.25,17276112896,2698746,3028,5375565824,17179336704
2596.93,17276112896,2698842,3028,5375561728,17179336704
2598.60,17276112896,2698869,3028,5375561728,17179336704
2600.27,17276112896,2698881,3028,5375565824,17179336704
2601.94,17276112896,2698840,3028,5375696896,17179336704
2603.61,17276112896,2698809,3028,5375696896,17179336704
2605.28,17276112896,2698753,3028,5375696896,17179336704
2606.96,17276112896,2698775,3028,5375692800,17179336704
2608.63,17276112896,2698816,3028,5375692800,17179336704
2610.30,17276112896,2698707,3028,5375827968,17179336704
2611.97,17276112896,2698750,3028,5375827968,17179336704
2613.64,17276112896,2698810,3028,5375819776,17179336704
2615.31,17276112896,2698672,3028,5375832064,17179336704
2616.98,17276112896,2698698,3028,5375819776,17179336704
2618.65,17276112896,2698783,3028,5375823872,17179336704
2620.32,17276112896,2698753,3028,5375827968,17179336704
2621.99,17276112896,2698694,3028,5375823872,17179336704
2623.67,17276112896,2698652,3028,5375827968,17179336704
2625.34,17276112896,2698737,3028,5375823872,17179336704
2627.02,17276112896,2698734,3028,5375823872,17179336704
2628.69,17276420096,2697795,3028,5377142784,17179336704
2630.37,17276485632,2763542,3052,4047499264,17179336704
2632.05,17276485632,3966657,4995,324341760,17179336704
2633.73,17276485632,3966657,4995,324341760,17179336704
2635.40,17276256256,3966612,4995,324333568,17179336704
2637.09,17276256256,3966665,4995,324349952,17179336704
2638.76,17276256256,3966662,4995,324337664,17179336704
2640.43,17276256256,3966608,4995,324341760,17179336704
2642.11,17276256256,3966586,4995,324341760,17179336704
2643.78,17276256256,3966625,4995,324345856,17179336704
2645.46,17276256256,3966627,4995,324345856,17179336704
2647.13,17276256256,3966635,4995,324485120,17179336704
2648.80,17276256256,3966578,4995,324485120,17179336704
2650.48,17276231680,3966578,4995,324489216,17179336704
2652.15,17276231680,3966535,4995,324616192,17179336704
2653.82,17276231680,3966556,4995,324620288,17179336704
2655.50,17276231680,3966625,4995,324616192,17179336704
2657.17,17276231680,3966527,4995,324743168,17179336704
2658.84,17276231680,3966510,4995,324751360,17179336704
2660.52,17276231680,3966583,4995,324755456,17179336704
2662.20,17276231680,3966501,4995,324751360,17179336704
2663.89,17276231680,3966496,4995,324755456,17179336704
2665.57,17276231680,3966515,4995,324755456,17179336704
2667.26,17276231680,3966465,4995,324751360,17179336704
2668.94,17276231680,3966494,4995,324755456,17179336704
2670.61,17276231680,3966569,4995,324755456,17179336704
2672.28,17276231680,3966569,4995,324747264,17179336704
2673.95,17276231680,3966469,4995,324751360,17179336704
2675.62,17276231680,3966482,4995,324747264,17179336704
2677.30,17276231680,3966546,4995,324816896,17179336704
2678.97,17276231680,3966462,4995,324820992,17179336704
2680.65,17276231680,3966419,4995,324816896,17179336704
2682.33,17276231680,3966598,4995,324947968,17179336704
2684.00,17276514304,3966446,4995,324947968,17179336704
2685.68,17276514304,3966519,4995,324947968,17179336704
2687.35,17276514304,3966494,4995,324952064,17179336704
2689.03,17276514304,3966388,4995,325079040,17179336704
2690.70,17276514304,3966408,4995,325079040,17179336704
2692.37,17276514304,3966464,4995,325079040,17179336704
2694.04,17276514304,3966382,4995,325083136,17179336704
2695.72,17276514304,3966483,4995,325079040,17179336704
2697.40,17276514304,3966500,4995,325083136,17179336704
2699.08,17276514304,3966377,4995,325074944,17179336704
2700.75,17276514304,3966505,4995,325079040,17179336704
2702.42,17276514304,3966493,4995,325079040,17179336704
2704.10,17276514304,3966486,4995,325079040,17179336704
2705.77,17276514304,3966474,4995,325074944,17179336704
2707.45,17276514304,3966296,4995,325873664,17179336704
2709.12,17276485632,3966148,4995,326410240,17179336704
2710.79,17276485632,3966130,4995,326410240,17179336704
2712.47,17276485632,3966145,4995,326537216,17179336704
2714.14,17276485632,3966032,4995,326541312,17179336704
2715.82,17276485632,3966083,4995,326672384,17179336704
2717.49,17276485632,3965977,4995,326672384,17179336704
2719.16,17276485632,3965981,4995,326668288,17179336704
2720.84,17276485632,3965994,4995,326676480,17179336704
2722.52,17276485632,3966104,4995,326664192,17179336704
2724.20,17276403712,3966086,4995,326672384,17179336704
2725.87,17276403712,3966006,4995,326676480,17179336704
2727.55,17276403712,3965968,4995,326668288,17179336704
2729.23,17276403712,3965979,4995,326672384,17179336704
2730.90,17276403712,3965975,4995,326672384,17179336704
2732.57,17276403712,3966072,4995,326672384,17179336704
2734.26,17276403712,3965986,4995,326672384,17179336704
2735.94,17276403712,3965957,4995,326672384,17179336704
2737.62,17276403712,3965942,4995,326668288,17179336704
2739.30,17276518400,3965970,4995,326803456,17179336704
2740.97,17276518400,3965969,4995,326799360,17179336704
2742.65,17276518400,3965963,4995,326803456,17179336704
2744.32,17276518400,3966042,4995,326799360,17179336704
2745.99,17276518400,3965903,4995,326799360,17179336704
2747.66,17276518400,3966009,4995,326799360,17179336704
2749.33,17276518400,3966048,4995,326803456,17179336704
2751.00,17276518400,3966011,4995,326799360,17179336704
2752.68,17276518400,3965974,4995,326803456,17179336704
2754.35,17276518400,3965951,4995,326807552,17179336704
2756.02,17276518400,3965997,4995,326799360,17179336704
2757.70,17276518400,3965974,4995,326803456,17179336704
2759.37,17276518400,3965888,4995,326799360,17179336704
2761.03,17276510208,3965881,4995,326799360,17179336704
2762.70,17276510208,3965990,4995,326930432,17179336704
2764.38,17276510208,3965848,4995,326930432,17179336704
2766.05,17276510208,3965873,4995,326930432,17179336704
2767.72,17276510208,3965942,4995,326938624,17179336704
2769.38,17276510208,3965860,4995,327061504,17179336704
2771.05,17276510208,3965850,4995,327061504,17179336704
2772.72,17276510208,3965960,4995,327069696,17179336704
2774.40,17276510208,3965944,4995,327061504,17179336704
2776.07,17276510208,3965953,4995,327069696,17179336704
2777.74,17276510208,3965879,4995,327061504,17179336704
2779.40,17276493824,3965859,4995,327061504,17179336704
2781.08,17276203008,3965819,4995,327061504,17179336704
2782.75,17276203008,3965915,4995,327065600,17179336704
2784.42,17276203008,3965859,4995,327061504,17179336704
2786.09,17276203008,3965855,4995,327192576,17179336704
2787.76,17276203008,3965845,4995,327192576,17179336704
2789.43,17276203008,3965819,4995,327192576,17179336704
2791.09,17276203008,3965917,4995,327192576,17179336704
2792.76,17276203008,3965807,4995,327200768,17179336704
2794.44,17276203008,3965837,4995,327200768,17179336704
2796.12,17276203008,3965846,4995,327192576,17179336704
2797.80,17276203008,3965919,4995,327196672,17179336704
2799.46,17276203008,3965827,4995,327196672,17179336704
2801.13,17276203008,3965803,4995,327192576,17179336704
2802.81,17276203008,3965839,4995,327200768,17179336704
2804.49,17276203008,3965923,4995,327196672,17179336704
2806.16,17276203008,3965818,4995,327196672,17179336704
2807.83,17276321792,3965897,4995,327192576,17179336704
2809.51,17276321792,3965904,4995,327184384,17179336704
2811.19,17276321792,3965817,4995,327323648,17179336704
2812.85,17276321792,3965871,4995,327327744,17179336704
2814.52,17276321792,3965863,4995,327327744,17179336704
2816.19,17276321792,3965788,4995,327327744,17179336704
2817.86,17276321792,3965798,4995,327331840,17179336704
2819.54,17276321792,3965784,4995,327327744,17179336704
2821.22,17276321792,3965920,4995,327327744,17179336704
2822.89,17276321792,3965907,4995,327327744,17179336704
2824.56,17276321792,3965811,4995,327462912,17179336704
2826.23,17276321792,3965746,4995,327458816,17179336704
2827.90,17276321792,3965731,4995,327454720,17179336704
2830.02,17276342272,4040243,7249,68206592,17179336704
2831.73,17276342272,4040106,7249,68825088,17179336704
2833.41,17276342272,4040111,7249,68927488,17179336704
2835.08,17276342272,4040101,7249,69054464,17179336704
2836.75,17276342272,4040188,7249,69058560,17179336704
2838.42,17276342272,4040155,7249,69177344,17179336704
2840.09,17276342272,4040032,7249,69279744,17179336704
2841.76,17276342272,4040095,7249,69414912,17179336704
2843.43,17276342272,4040062,7249,69541888,17179336704
2845.10,17276342272,4040034,7249,69545984,17179336704
2846.78,17276342272,4040050,7249,69652480,17179336704
2848.45,17276342272,4040045,7249,69648384,17179336704
2850.13,17276342272,4039905,7249,69652480,17179336704
2851.80,17276342272,4039955,7249,69758976,17179336704
2853.47,17276342272,4039988,7249,69758976,17179336704
2855.15,17276342272,4039876,7249,69763072,17179336704
2856.82,17276342272,4039883,7249,69894144,17179336704
2858.50,17276342272,4039798,7249,70082560,17179336704
2860.17,17276342272,4039881,7249,70082560,17179336704
2861.84,17276342272,4039900,7249,70090752,17179336704
2863.51,17276342272,4039900,7249,70090752,17179336704
2865.19,17276342272,4039819,7249,70221824,17179336704
2866.86,17276342272,4039784,7249,70217728,17179336704
2868.53,17276342272,4039821,7249,70258688,17179336704
2870.21,17276342272,4039744,7249,70258688,17179336704
2871.88,17276342272,4039868,7249,70262784,17179336704
2873.56,17276342272,4039885,7249,70369280,17179336704
2875.23,17276342272,4039731,7249,70365184,17179336704
2876.91,17276342272,4039825,7249,70434816,17179336704
2878.57,17276342272,4039825,7249,70467584,17179336704
2880.24,17276383232,4039670,7249,70578176,17179336704
2881.92,17276383232,4039701,7249,70578176,17179336704
2883.59,17276383232,4039740,7249,70705152,17179336704
2885.26,17276383232,4039633,7249,70819840,17179336704
2886.93,17276383232,4039567,7249,70819840,17179336704
2888.62,17276383232,4039640,7249,70950912,17179336704
2890.29,17276383232,4039572,7249,70950912,17179336704
2891.95,17276383232,4039603,7249,71053312,17179336704
2893.63,17276383232,4039614,7249,71098368,17179336704
2895.29,17276383232,4039576,7249,71102464,17179336704
2896.97,17276383232,4039535,7249,71102464,17179336704
2898.65,17276383232,4039583,7249,71102464,17179336704
2900.32,17276383232,4039576,7249,71102464,17179336704
2901.99,17276383232,4039540,7249,71102464,17179336704
2903.66,17276383232,4039531,7249,71098368,17179336704
2905.35,17276383232,4039585,7249,71098368,17179336704
2907.02,17276383232,4039515,7249,71102464,17179336704
2908.70,17276383232,4039568,7249,71098368,17179336704
2910.37,17276383232,4039631,7249,71098368,17179336704
2912.05,17276383232,4039519,7249,71364608,17179336704
2913.72,17276383232,4039439,7249,71360512,17179336704
2915.40,17276383232,4039445,7248,71364608,17179336704
2917.07,17276383232,4039564,7247,71364608,17179336704
2918.74,17276383232,4039532,7247,71389184,17179336704
2920.41,17276383232,4039466,7247,71389184,17179336704
2922.09,17276383232,4039389,7247,71462912,17179336704
2923.76,17276383232,4039499,7247,71458816,17179336704
2925.43,17276383232,4039393,7247,71454720,17179336704
2927.10,17276383232,4039482,7247,71458816,17179336704
2928.79,17276383232,4039365,7248,71462912,17179336704
2930.47,17276383232,4039466,7247,71462912,17179336704
2932.15,17276383232,4039471,7247,71462912,17179336704
2933.83,17276383232,4039391,7247,71467008,17179336704
2935.50,17276383232,4039342,7247,71659520,17179336704
2937.17,17276383232,4039359,7247,71696384,17179336704
2938.84,17276383232,4039384,7247,71696384,17179336704
2940.52,17276383232,4039401,7247,71688192,17179336704
2942.19,17276383232,4039355,7247,71696384,17179336704
2943.87,17276383232,4039419,7247,71749632,17179336704
2945.54,17276383232,4039352,7247,71745536,17179336704
2947.21,17276383232,4039441,7247,71745536,17179336704
2948.89,17276383232,4039329,7247,71749632,17179336704
2950.56,17276383232,4039337,7247,71745536,17179336704
2952.24,17276383232,4039401,7247,71749632,17179336704
2953.91,17276383232,4039315,7247,71749632,17179336704
2955.59,17276383232,4039427,7247,71749632,17179336704
2957.26,17276383232,4039324,7247,71753728,17179336704
2958.93,17276383232,4039301,7247,71884800,17179336704
2960.61,17276383232,4039314,7247,71884800,17179336704
2962.28,17276383232,4039373,7247,71884800,17179336704
2963.96,17276383232,4039411,7247,71884800,17179336704
2965.63,17276383232,4039373,7247,71884800,17179336704
2967.30,17276383232,4039334,7247,71884800,17179336704
2968.97,17276383232,4039389,7247,72011776,17179336704
2970.64,17276383232,4039249,7247,72003584,17179336704
2972.32,17276383232,4039316,7247,72015872,17179336704
2973.99,17276383232,4039332,7247,72011776,17179336704
2975.68,17276383232,4039297,7247,72134656,17179336704
2977.35,17276264448,4039207,7247,72134656,17179336704
2979.02,17276067840,4039171,7247,72138752,17179336704
2980.71,17276067840,4039194,7247,72130560,17179336704
2982.38,17276067840,4039181,7247,72265728,17179336704
2984.06,17275965440,4039212,7247,72269824,17179336704
2985.73,17275965440,4039178,7247,72265728,17179336704
2987.41,17275965440,4039203,7247,72396800,17179336704
2989.08,17275965440,4039103,7247,72388608,17179336704
2990.75,17275965440,4039142,7247,72396800,17179336704
2992.43,17275965440,4039186,7247,72396800,17179336704
2994.10,17275965440,4039080,7247,72396800,17179336704
2995.77,17275965440,4039161,7247,72396800,17179336704
2997.45,17275965440,4039215,7247,72396800,17179336704
2999.12,17275965440,4039169,7247,72388608,17179336704
3000.79,17275965440,4039110,7247,72396800,17179336704
3002.47,17275965440,4039074,7247,72396800,17179336704
3004.14,17275871232,4039214,7247,72450048,17179336704
3005.82,17275871232,4039148,7247,72454144,17179336704
3007.48,17275871232,4039055,7247,72445952,17179336704
3009.16,17275846656,4039129,7247,72450048,17179336704
3010.84,17275846656,4039126,7247,72589312,17179336704
3012.51,17275846656,4039065,7247,72577024,17179336704
3014.19,17275846656,4039060,7247,72581120,17179336704
3015.86,17275846656,4039144,7247,72581120,17179336704
3017.53,17275846656,4039026,7247,72581120,17179336704
3019.21,17275846656,4039132,7247,72585216,17179336704
3020.89,17275846656,4039095,7247,72597504,17179336704
3022.57,17275846656,4039001,7247,72601600,17179336704
3024.24,17275846656,4039011,7247,72732672,17179336704
3025.91,17275846656,4039087,7247,72732672,17179336704
3027.60,17275846656,4039114,7247,72732672,17179336704
3029.27,17275846656,4039051,7247,72732672,17179336704
