rss,small,huge,cached
653971456,1967011,3828,93347840
656093184,1966294,3828,96624640
954781696,1891623,3684,153124864
954503168,1897579,3699,210927616
957095936,1902674,3696,243224576
979853312,1889590,3682,249675776
1539735552,1790459,3423,260345856
1674330112,1776592,3355,264376320
1685082112,1802483,3359,268193792
1689276416,1752113,3343,272154624
1689485312,1769622,3354,274456576
1689485312,1774664,3356,277532672
1689739264,1748171,3350,282009600
1694052352,1761666,3354,284323840
1696149504,1753569,3353,287768576
1696096256,1806766,3363,289894400
1696112640,1778706,3359,291946496
1696112640,1772185,3362,296275968
1695772672,1763421,3352,298852352
1695461376,1772689,3354,301219840
1695457280,1804320,3362,305451008
1695461376,1740093,3349,309088256
1695461376,1800890,3364,311500800
1695465472,1740175,3348,316608512
1699659776,1791129,3355,318894080
1699667968,1769174,3339,320946176
1699667968,1793300,3348,324608000
1699835904,1748165,3354,327475200
1699971072,1748630,3343,331374592
1699971072,1735994,3347,335171584
1704165376,1744722,3347,338137088
1804828672,1756096,3289,340197376
1809039360,1757965,3282,344399872
1834258432,1735581,3285,346415104
1834373120,1759010,3293,348901376
1834373120,1735884,3275,353312768
1865830400,1673418,3258,355364864
1897287680,1738840,3244,358260736
1897320448,1726739,3249,361963520
1897308160,1788098,3255,363941888
1897336832,1758748,3252,366522368
1897336832,1751017,3239,373796864
1903636480,1753733,3247,376487936
1909878784,1717057,3243,378707968
1930715136,1710267,3239,382590976
1932840960,1756669,3261,385249280
1932894208,1736937,3255,387321856
1932976128,1751982,3266,392052736
1932996608,1766858,3254,394924032
1932996608,1705284,3256,399216640
1933017088,1733417,3248,401035264
1933053952,1752471,3263,403558400
1933053952,1768149,3249,407150592
1932763136,1720981,3253,409292800
1932570624,1738790,3255,411930624
1932341248,1714469,3237,415838208
1932308480,1737498,3251,417939456
1932308480,1719303,3252,420851712
1932308480,1714921,3254,424886272
1932390400,1697941,3242,426856448
1934487552,1736388,3233,429404160
1934536704,1754010,3261,433848320
1934536704,1701705,3244,437633024
1934675968,1708178,3245,439730176
1934716928,1709752,3234,443940864
1934790656,1730213,3248,445931520
1934831616,1718276,3252,447643648
1934893056,1707393,3249,451833856
1934893056,1714536,3235,453894144
1934893056,1716972,3228,455671808
1943281664,1705919,3226,460369920
1951670272,1678232,3209,462704640
1962037248,1683465,3221,466300928
2016591872,1693632,3194,468164608
2018930688,1736185,3216,470175744
2018930688,1685017,3192,474341376
2019004416,1682938,3190,476344320
2019004416,1694645,3194,478859264
2019155968,1745337,3202,482164736
2023354368,1700773,3189,484524032
2023358464,1721134,3206,487981056
2023362560,1713730,3217,489857024
2023178240,1710496,3209,492662784
2023178240,1672788,3190,495955968
2023157760,1712447,3215,498339840
2023084032,1699286,3207,500584448
2023084032,1667100,3201,505294848
2033602560,1640487,3178,507805696
2044088320,1673201,3180,510095360
2044203008,1670733,3187,513654784
2146979840,1646702,3134,515952640
2191020032,1630258,3103,517996544
2197311488,1602559,3102,521359360
2201219072,1689834,3105,523993088
2201219072,1683004,3115,527056896
2201231360,1639249,3097,529141760
2203328512,1689203,3095,530841600
2203328512,1626977,3091,534454272
2222211072,1714734,3112,536223744
2222211072,1697294,3104,538226688
2222268416,1698630,3118,542183424
2224390144,1668808,3105,544006144
2226503680,1685796,3103,545898496
2226507776,1709403,3116,550006784
2226507776,1715322,3125,552673280
2226507776,1735812,3125,554475520
2226593792,1681446,3116,557813760
2228854784,1672133,3112,560463872
2228854784,1722498,3115,563474432
2228916224,1682776,3100,567623680
2600120320,1508412,2937,569892864
2606227456,1576677,2941,571531264
2606243840,1519419,2919,573743104
2608513024,1533766,2921,575479808
2608513024,1553956,2920,578928640
2610614272,1698906,2949,580452352
2610622464,1552786,2907,582438912
2610622464,1691122,2945,585228288
2610479104,1621877,2935,586579968
2610393088,1626086,2933,589897728
2660724736,1559957,2891,591126528
2660724736,1690027,2929,592310272
2660724736,1760266,2949,592658432
2660732928,1801355,2987,594395136
2660732928,1734126,2970,660848640
2660790272,1789044,2986,661815296
2660790272,1723764,2983,674529280
2660790272,1770439,2990,732069888
2660806656,1766336,2989,754487296
2660806656,1712283,2989,751116288
2660806656,1748585,2989,816857088
2660806656,1739618,2982,839278592
2660904960,1691819,2981,829943808
2660904960,1720701,2976,901378048
2660904960,1720465,2987,940023808
2660904960,1718673,2987,943493120
2660904960,1717164,2987,949485568
2660827136,1716349,2986,953397248
2660827136,1707203,2986,998510592
2660827136,1707014,2986,998699008
2660827136,1706398,2986,998699008
2660827136,1706272,2986,998699008
2660827136,1705771,2986,998699008
2660827136,1705708,2986,998715392
2660827136,1705519,2986,998715392
2660827136,1705267,2986,998699008
2660827136,1705393,2986,998699008
2660827136,1705141,2986,998846464
2660630528,1705078,2986,998862848
2660630528,1705015,2986,998862848
2660630528,1704952,2986,998854656
2660630528,1704763,2986,998920192
2660630528,1704575,2986,998928384
2660630528,1704512,2986,999186432
2660630528,1705078,2986,999194624
2660630528,1704707,2986,999186432
2660630528,1704518,2986,999198720
2660630528,1704329,2986,999194624
2660630528,1704329,2986,999198720
2660630528,1704266,2986,999202816
2660630528,1704140,2986,999202816
2660630528,1704880,2986,999202816
2660630528,1704698,2986,999276544
2660630528,1704383,2986,999268352
2660626432,1704257,2986,999407616
2660626432,1704069,2986,999522304
2660626432,1703944,2986,999555072
2660626432,1704435,2986,999546880
2660630528,1704493,2986,853159936
2660704256,1799457,2996,513613824
2660704256,1866150,3037,355602432
2660704256,1866087,3037,355606528
2660704256,1866960,3038,355602432
2660663296,1866897,3038,355741696
2660663296,1866407,3038,356069376
2660663296,1867932,3042,356069376
2660663296,1867869,3042,356073472
2660646912,1868222,3047,356069376
2660646912,1867725,3047,356208640
2660462592,1867284,3047,356294656
2660462592,1867158,3047,356294656
2660462592,1866843,3047,356429824
2660438016,1866780,3047,356438016
2660438016,1866654,3047,356483072
2660438016,1866591,3047,356478976
2660438016,1867647,3047,356487168
2660438016,1867340,3047,356478976
2660438016,1867277,3047,356491264
2660438016,1868173,3051,356491264
2660438016,1867676,3051,356495360
2660438016,1868562,3053,356499456
2660438016,1868065,3053,356499456
2660438016,1868002,3053,356503552
2660438016,1867750,3053,356499456
2660470784,1868351,3053,356503552
2660470784,1868036,3053,356507648
2660470784,1867910,3053,356573184
2660470784,1867539,3053,356564992
2660507648,1961330,3172,40775680
2660507648,1961267,3172,40820736
2660507648,1960826,3172,41009152
2660507648,1960455,3172,40996864
2660507648,1960455,3172,41140224
2660507648,1960203,3172,41275392
2660507648,1960141,3172,41476096
2660507648,1959763,3172,41476096
2660507648,1959637,3172,41480192
2660507648,1959513,3172,41533440
2660552704,1959450,3172,41615360
2660577280,1960195,3185,41676800
2660552704,1960871,3191,41676800
2660552704,1960304,3191,41811968
2660552704,1960304,3191,41816064
2660552704,1960052,3191,42004480
2660552704,1959989,3191,42004480
2660552704,1960658,3194,42033152
2660552704,1958815,3192,45551616
2660552704,1958696,3192,45568000
2660552704,1958633,3192,45563904
2660552704,1958507,3192,45563904
2660552704,1958444,3192,45576192
2660556800,1959249,3196,45707264
2660556800,1959004,3196,45699072
2660556800,1958753,3196,45707264
2660556800,1958753,3196,45711360
2660556800,1958627,3196,45711360
2660556800,1958438,3196,45711360
2660556800,1958312,3196,45711360
